Timestamp,R,G,B,Detected Color
2025-03-17 12:47:53,28,12,39,Licorice
2025-03-17 12:47:54,22,18,35,Dark Jungle Green
2025-03-17 12:47:54,16,10,26,Licorice
2025-03-17 12:47:54,20,17,33,Licorice
2025-03-17 12:47:54,20,14,31,Licorice
2025-03-17 12:47:54,22,16,33,Licorice
2025-03-17 12:47:54,21,15,32,Licorice
2025-03-17 12:47:54,18,14,33,Licorice
2025-03-17 12:47:54,17,16,30,Licorice
2025-03-17 12:47:54,19,12,32,Licorice
2025-03-17 12:47:54,19,13,30,Licorice
2025-03-17 12:47:54,21,15,32,Licorice
2025-03-17 12:47:54,22,13,29,Licorice
2025-03-17 12:47:54,22,16,31,Licorice
2025-03-17 12:47:54,21,15,30,Licorice
2025-03-17 12:47:54,22,17,29,Licorice
2025-03-17 12:47:54,20,14,31,Licorice
2025-03-17 12:47:54,22,14,27,Licorice
2025-03-17 12:47:54,22,13,31,Licorice
2025-03-17 12:47:54,20,14,27,Licorice
2025-03-17 12:47:54,18,6,18,Licorice
2025-03-17 12:47:54,4,0,4,Black
2025-03-17 12:47:54,38,14,8,Zinnwaldite Brown
2025-03-17 12:47:54,83,54,49,Taupe
2025-03-17 12:47:54,122,91,80,Pastel Brown
2025-03-17 12:47:54,145,110,91,Dark Chestnut
2025-03-17 12:47:54,146,111,101,Dark Chestnut
2025-03-17 12:47:54,147,109,97,Dark Chestnut
2025-03-17 12:47:54,143,105,98,Dark Chestnut
2025-03-17 12:47:54,140,107,92,Dark Chestnut
2025-03-17 12:47:54,140,105,93,Dark Chestnut
2025-03-17 12:47:54,146,103,97,Dark Chestnut
2025-03-17 12:47:55,139,105,95,Dark Chestnut
2025-03-17 12:47:55,135,99,89,Pastel Brown
2025-03-17 12:47:55,122,90,84,Pastel Brown
2025-03-17 12:47:55,115,82,76,Medium Taupe
2025-03-17 12:47:55,111,77,73,Medium Taupe
2025-03-17 12:47:55,104,73,64,Rose Ebony
2025-03-17 12:47:55,108,73,56,Coffee
2025-03-17 12:47:55,108,72,64,Deep Coffee
2025-03-17 12:47:55,108,72,64,Deep Coffee
2025-03-17 12:47:55,101,65,55,Deep Coffee
2025-03-17 12:47:55,89,62,61,Purple Taupe
2025-03-17 12:47:55,64,34,41,Bistre
2025-03-17 12:47:55,110,79,68,Medium Taupe
2025-03-17 12:47:55,108,72,71,Rose Ebony
2025-03-17 12:47:55,93,57,49,Taupe
2025-03-17 12:47:55,47,23,35,Seal Brown
2025-03-17 12:47:55,20,6,11,Licorice
2025-03-17 12:47:55,20,5,20,Licorice
2025-03-17 12:47:55,22,7,24,Licorice
2025-03-17 12:47:55,22,7,24,Licorice
2025-03-17 12:47:55,28,11,19,Licorice
2025-03-17 12:47:55,30,13,28,Licorice
2025-03-17 12:47:55,62,27,39,Bistre
2025-03-17 12:47:55,123,92,85,Pastel Brown
2025-03-17 12:47:55,149,117,111,Bazaar
2025-03-17 12:47:55,158,125,117,Beaver
2025-03-17 12:47:55,171,134,122,Beaver
2025-03-17 12:47:55,174,140,130,Grullo
2025-03-17 12:47:55,178,141,131,Rosy Brown
2025-03-17 12:47:55,178,141,131,Rosy Brown
2025-03-17 12:47:55,181,145,138,Rosy Brown
2025-03-17 12:47:56,181,145,140,Rosy Brown
2025-03-17 12:47:56,182,147,139,Rosy Brown
2025-03-17 12:47:56,181,145,144,Rosy Brown
2025-03-17 12:47:56,177,141,133,Rosy Brown
2025-03-17 12:47:56,180,137,133,Rosy Brown
2025-03-17 12:47:56,174,139,129,Grullo
2025-03-17 12:47:56,185,140,130,Rosy Brown
2025-03-17 12:47:56,182,139,133,Rosy Brown
2025-03-17 12:47:56,185,143,137,Rosy Brown
2025-03-17 12:47:56,185,143,137,Rosy Brown
2025-03-17 12:47:56,187,142,134,Rosy Brown
2025-03-17 12:47:56,190,145,139,Rosy Brown
2025-03-17 12:47:56,187,143,128,Rosy Brown
2025-03-17 12:47:56,187,144,134,Rosy Brown
2025-03-17 12:47:56,184,144,132,Rosy Brown
2025-03-17 12:47:56,188,144,134,Rosy Brown
2025-03-17 12:47:56,180,135,127,Old Rose
2025-03-17 12:47:56,181,137,129,Old Rose
2025-03-17 12:47:56,180,137,127,Old Rose
2025-03-17 12:47:56,169,131,122,Beaver
2025-03-17 12:47:56,169,131,122,Beaver
2025-03-17 12:47:56,178,138,127,Old Rose
2025-03-17 12:47:56,179,134,124,Old Rose
2025-03-17 12:47:56,173,134,127,Old Rose
2025-03-17 12:47:56,175,137,130,Old Rose
2025-03-17 12:47:56,172,136,128,Grullo
2025-03-17 12:47:56,180,132,129,Old Rose
2025-03-17 12:47:56,179,134,131,Old Rose
2025-03-17 12:47:56,178,136,130,Old Rose
2025-03-17 12:47:57,180,137,133,Rosy Brown
2025-03-17 12:47:57,180,137,133,Rosy Brown
2025-03-17 12:47:57,185,140,136,Rosy Brown
2025-03-17 12:47:57,187,143,142,Rosy Brown
2025-03-17 12:47:57,183,140,134,Rosy Brown
2025-03-17 12:47:57,187,142,141,Rosy Brown
2025-03-17 12:47:57,188,145,139,Rosy Brown
2025-03-17 12:47:57,184,146,137,Rosy Brown
2025-03-17 12:47:57,182,139,131,Rosy Brown
2025-03-17 12:47:57,175,135,131,Old Rose
2025-03-17 12:47:57,165,129,121,Beaver
2025-03-17 12:47:57,154,120,121,Bazaar
2025-03-17 12:47:57,154,120,121,Bazaar
2025-03-17 12:47:57,151,118,114,Bazaar
2025-03-17 12:47:57,141,112,103,Shadow
2025-03-17 12:47:57,140,114,104,Shadow
2025-03-17 12:47:57,139,105,99,Dark Chestnut
2025-03-17 12:47:57,135,99,93,Rose Taupe
2025-03-17 12:47:57,129,95,94,Rose Taupe
2025-03-17 12:47:57,112,73,75,Medium Taupe
2025-03-17 12:47:57,65,32,42,Bistre
2025-03-17 12:47:57,27,8,15,Licorice
2025-03-17 12:47:57,52,15,23,Seal Brown
2025-03-17 12:47:57,52,15,23,Seal Brown
2025-03-17 12:47:57,49,14,20,Seal Brown
2025-03-17 12:47:57,55,18,25,Seal Brown
2025-03-17 12:47:57,56,17,24,Dark Sienna
2025-03-17 12:47:57,54,17,24,Seal Brown
2025-03-17 12:47:57,44,11,17,Seal Brown
2025-03-17 12:47:57,44,9,24,Seal Brown
2025-03-17 12:47:57,32,11,23,Licorice
2025-03-17 12:47:58,38,9,27,Seal Brown
2025-03-17 12:47:58,33,9,24,Licorice
2025-03-17 12:47:58,31,11,29,Licorice
2025-03-17 12:47:58,37,11,28,Licorice
2025-03-17 12:47:58,37,13,23,Licorice
2025-03-17 12:47:58,32,13,24,Licorice
2025-03-17 12:47:58,25,9,17,Licorice
2025-03-17 12:47:58,35,16,25,Licorice
2025-03-17 12:47:58,39,20,27,Seal Brown
2025-03-17 12:47:58,39,20,27,Seal Brown
2025-03-17 12:47:58,29,12,25,Licorice
2025-03-17 12:47:58,37,20,33,Seal Brown
2025-03-17 12:47:58,32,15,26,Licorice
2025-03-17 12:47:58,31,10,19,Licorice
2025-03-17 12:47:58,39,15,23,Seal Brown
2025-03-17 12:47:58,38,9,25,Licorice
2025-03-17 12:47:58,28,9,22,Licorice
2025-03-17 12:47:58,22,10,19,Licorice
2025-03-17 12:47:58,27,8,15,Licorice
2025-03-17 12:47:58,34,7,20,Licorice
2025-03-17 12:47:58,29,12,18,Licorice
2025-03-17 12:47:58,43,17,25,Seal Brown
2025-03-17 12:47:58,52,26,37,Seal Brown
2025-03-17 12:47:58,69,42,46,Bistre
2025-03-17 12:47:58,76,51,50,Taupe
2025-03-17 12:47:58,84,58,62,Taupe
2025-03-17 12:47:58,89,66,67,Purple Taupe
2025-03-17 12:47:58,97,72,71,Rose Ebony
2025-03-17 12:47:58,99,77,71,Medium Taupe
2025-03-17 12:47:58,104,79,75,Medium Taupe
2025-03-17 12:47:59,105,83,77,Wenge
2025-03-17 12:47:59,103,81,77,Wenge
2025-03-17 12:47:59,106,85,74,Wenge
2025-03-17 12:47:59,116,89,80,Wenge
2025-03-17 12:47:59,121,88,82,Tuscan Red
2025-03-17 12:47:59,115,88,80,Wenge
2025-03-17 12:47:59,112,86,74,Medium Taupe
2025-03-17 12:47:59,114,86,74,Medium Taupe
2025-03-17 12:47:59,105,80,77,Medium Taupe
2025-03-17 12:47:59,111,85,75,Medium Taupe
2025-03-17 12:47:59,117,83,77,Tuscan Red
2025-03-17 12:47:59,110,83,76,Medium Taupe
2025-03-17 12:47:59,110,84,72,Medium Taupe
2025-03-17 12:47:59,103,81,72,Medium Taupe
2025-03-17 12:47:59,105,79,71,Medium Taupe
2025-03-17 12:47:59,101,77,73,Medium Taupe
2025-03-17 12:47:59,98,76,68,Medium Taupe
2025-03-17 12:47:59,103,76,73,Medium Taupe
2025-03-17 12:47:59,99,77,69,Medium Taupe
2025-03-17 12:47:59,100,76,68,Medium Taupe
2025-03-17 12:47:59,101,78,76,Medium Taupe
2025-03-17 12:47:59,100,76,70,Medium Taupe
2025-03-17 12:47:59,104,78,70,Medium Taupe
2025-03-17 12:47:59,98,76,72,Medium Taupe
2025-03-17 12:47:59,98,73,65,Rose Ebony
2025-03-17 12:47:59,94,71,71,Rose Ebony
2025-03-17 12:47:59,95,71,65,Rose Ebony
2025-03-17 12:47:59,95,72,59,Rose Ebony
2025-03-17 12:47:59,89,71,66,Rose Ebony
2025-03-17 12:47:59,99,70,63,Rose Ebony
2025-03-17 12:48:00,102,75,70,Medium Taupe
2025-03-17 12:48:00,103,72,67,Rose Ebony
2025-03-17 12:48:00,102,75,72,Medium Taupe
2025-03-17 12:48:00,109,78,69,Medium Taupe
2025-03-17 12:48:00,108,75,71,Medium Taupe
2025-03-17 12:48:00,108,77,66,Medium Taupe
2025-03-17 12:48:00,104,79,71,Medium Taupe
2025-03-17 12:48:00,108,76,70,Medium Taupe
2025-03-17 12:48:00,102,75,72,Medium Taupe
2025-03-17 12:48:00,101,73,73,Rose Ebony
2025-03-17 12:48:00,98,74,63,Rose Ebony
2025-03-17 12:48:00,100,72,72,Rose Ebony
2025-03-17 12:48:00,97,75,67,Medium Taupe
2025-03-17 12:48:00,103,72,65,Rose Ebony
2025-03-17 12:48:00,105,71,70,Rose Ebony
2025-03-17 12:48:00,105,71,65,Rose Ebony
2025-03-17 12:48:00,106,73,64,Rose Ebony
2025-03-17 12:48:00,101,70,63,Rose Ebony
2025-03-17 12:48:00,104,73,64,Rose Ebony
2025-03-17 12:48:00,103,72,67,Rose Ebony
2025-03-17 12:48:00,108,72,67,Rose Ebony
2025-03-17 12:48:00,104,73,64,Rose Ebony
2025-03-17 12:48:00,104,73,62,Rose Ebony
2025-03-17 12:48:00,108,72,64,Deep Coffee
2025-03-17 12:48:00,101,68,62,Rose Ebony
2025-03-17 12:48:00,108,72,64,Deep Coffee
2025-03-17 12:48:00,120,83,71,Tuscan Red
2025-03-17 12:48:00,122,85,69,Tuscan Red
2025-03-17 12:48:00,115,75,64,Deep Coffee
2025-03-17 12:48:01,61,26,30,Dark Sienna
2025-03-17 12:48:01,50,10,24,Seal Brown
2025-03-17 12:48:01,94,67,64,Rose Ebony
2025-03-17 12:48:01,117,85,84,Wenge
2025-03-17 12:48:01,118,82,83,Tuscan Red
2025-03-17 12:48:01,144,108,107,Copper Rose
2025-03-17 12:48:01,164,127,129,Cinereous
2025-03-17 12:48:01,166,130,129,Cinereous
2025-03-17 12:48:01,170,124,125,Turkish Rose
2025-03-17 12:48:01,169,127,128,Cinereous
2025-03-17 12:48:01,176,133,131,Old Rose
2025-03-17 12:48:01,183,137,134,Rosy Brown
2025-03-17 12:48:01,188,143,138,Rosy Brown
2025-03-17 12:48:01,193,155,148,Rosy Brown
2025-03-17 12:48:01,198,160,155,Khaki (Html/Css) (Khaki)
2025-03-17 12:48:01,206,163,160,Pastel Pink
2025-03-17 12:48:01,200,162,155,Khaki (Html/Css) (Khaki)
2025-03-17 12:48:01,206,159,156,Pastel Pink
2025-03-17 12:48:01,204,158,153,Pastel Pink
2025-03-17 12:48:01,198,156,147,Rosy Brown
2025-03-17 12:48:01,197,150,140,Rosy Brown
2025-03-17 12:48:01,197,150,140,Rosy Brown
2025-03-17 12:48:01,196,145,134,Rosy Brown
2025-03-17 12:48:01,188,144,129,Rosy Brown
2025-03-17 12:48:01,182,140,123,Light Taupe
2025-03-17 12:48:01,186,138,131,Old Rose
2025-03-17 12:48:01,173,131,117,Light Taupe
2025-03-17 12:48:01,162,113,101,Blast-Off Bronze
2025-03-17 12:48:01,149,89,98,Rose Taupe
2025-03-17 12:48:01,102,2,2,Rosewood
2025-03-17 12:48:01,153,5,4,Usc Cardinal
2025-03-17 12:48:02,154,1,6,Usc Cardinal
2025-03-17 12:48:02,154,1,6,Usc Cardinal
2025-03-17 12:48:02,160,3,0,Dark Candy Apple Red
2025-03-17 12:48:02,169,0,7,Dark Candy Apple Red
2025-03-17 12:48:02,170,10,13,Mordant Red 19
2025-03-17 12:48:02,168,14,29,Ruby Red
2025-03-17 12:48:02,172,12,23,Cornell Red
2025-03-17 12:48:02,173,21,40,Upsdell Red
2025-03-17 12:48:02,163,34,52,Alabama Crimson
2025-03-17 12:48:02,164,48,77,Big Dip O’Ruby
2025-03-17 12:48:02,162,59,83,Redwood
2025-03-17 12:48:02,162,59,83,Redwood
2025-03-17 12:48:02,162,83,108,China Rose
2025-03-17 12:48:02,173,116,145,Turkish Rose
2025-03-17 12:48:02,167,127,164,Opera Mauve
2025-03-17 12:48:02,163,126,162,Opera Mauve
2025-03-17 12:48:02,181,134,172,Opera Mauve
2025-03-17 12:48:02,188,141,177,Opera Mauve
2025-03-17 12:48:02,208,161,201,Lilac
2025-03-17 12:48:02,226,171,206,Pink Pearl
2025-03-17 12:48:02,200,127,149,Rosy Brown
2025-03-17 12:48:02,220,146,163,Light Thulian Pink
2025-03-17 12:48:02,220,146,163,Light Thulian Pink
2025-03-17 12:48:02,214,83,99,Dark Terra Cotta
2025-03-17 12:48:02,217,29,42,Fire Engine Red
2025-03-17 12:48:02,221,19,17,Lava
2025-03-17 12:48:02,227,19,26,Lust
2025-03-17 12:48:02,228,14,9,Ku Crimson
2025-03-17 12:48:02,229,11,6,Ku Crimson
2025-03-17 12:48:03,237,16,12,Ku Crimson
2025-03-17 12:48:03,249,12,19,Candy Apple Red
2025-03-17 12:48:03,255,19,17,Blue (Ryb)
2025-03-17 12:48:03,255,6,22,Ruddy
2025-03-17 12:48:03,255,6,22,Ruddy
2025-03-17 12:48:03,255,8,19,Candy Apple Red
2025-03-17 12:48:03,255,8,19,Candy Apple Red
2025-03-17 12:48:03,255,6,14,Candy Apple Red
2025-03-17 12:48:03,255,8,26,Ruddy
2025-03-17 12:48:03,255,6,24,Ruddy
2025-03-17 12:48:03,255,8,30,Ruddy
2025-03-17 12:48:03,255,8,24,Ruddy
2025-03-17 12:48:03,255,9,27,Ruddy
2025-03-17 12:48:03,255,8,26,Ruddy
2025-03-17 12:48:03,255,8,26,Ruddy
2025-03-17 12:48:03,255,9,29,Ruddy
2025-03-17 12:48:03,255,11,36,Ruddy
2025-03-17 12:48:03,255,11,38,Ruddy
2025-03-17 12:48:03,255,8,32,Ruddy
2025-03-17 12:48:03,255,8,28,Ruddy
2025-03-17 12:48:03,255,8,26,Ruddy
2025-03-17 12:48:03,255,9,31,Ruddy
2025-03-17 12:48:03,255,9,31,Ruddy
2025-03-17 12:48:03,255,8,30,Ruddy
2025-03-17 12:48:03,255,8,28,Ruddy
2025-03-17 12:48:03,255,8,28,Ruddy
2025-03-17 12:48:03,255,8,30,Ruddy
2025-03-17 12:48:03,255,8,28,Ruddy
2025-03-17 12:48:03,255,8,30,Ruddy
2025-03-17 12:48:03,255,7,21,Ruddy
2025-03-17 12:48:03,255,8,28,Ruddy
2025-03-17 12:48:04,255,7,27,Ruddy
2025-03-17 12:48:04,255,6,19,Candy Apple Red
2025-03-17 12:48:04,255,5,18,Candy Apple Red
2025-03-17 12:48:04,255,7,29,Ruddy
2025-03-17 12:48:04,255,7,39,Ruddy
2025-03-17 12:48:04,255,7,39,Ruddy
2025-03-17 12:48:04,255,12,37,Ruddy
2025-03-17 12:48:04,255,11,36,Ruddy
2025-03-17 12:48:04,255,13,33,Ruddy
2025-03-17 12:48:04,255,14,32,Ruddy
2025-03-17 12:48:04,255,11,32,Ruddy
2025-03-17 12:48:04,255,13,38,Ruddy
2025-03-17 12:48:04,255,11,34,Ruddy
2025-03-17 12:48:04,255,9,31,Ruddy
2025-03-17 12:48:04,255,12,39,Ruddy
2025-03-17 12:48:04,255,9,27,Ruddy
2025-03-17 12:48:04,255,11,34,Ruddy
2025-03-17 12:48:04,255,9,31,Ruddy
2025-03-17 12:48:04,255,12,30,Ruddy
2025-03-17 12:48:04,255,10,21,Candy Apple Red
2025-03-17 12:48:04,255,11,32,Ruddy
2025-03-17 12:48:04,255,12,23,Ruddy
2025-03-17 12:48:04,255,9,29,Ruddy
2025-03-17 12:48:04,255,10,23,Ruddy
2025-03-17 12:48:04,255,10,25,Ruddy
2025-03-17 12:48:04,255,9,20,Candy Apple Red
2025-03-17 12:48:04,255,8,26,Ruddy
2025-03-17 12:48:04,255,8,24,Ruddy
2025-03-17 12:48:04,255,10,11,Candy Apple Red
2025-03-17 12:48:04,255,8,12,Candy Apple Red
2025-03-17 12:48:05,255,8,10,Candy Apple Red
2025-03-17 12:48:05,255,14,18,Candy Apple Red
2025-03-17 12:48:05,255,8,10,Candy Apple Red
2025-03-17 12:48:05,255,10,9,Candy Apple Red
2025-03-17 12:48:05,255,13,13,Candy Apple Red
2025-03-17 12:48:05,255,13,15,Candy Apple Red
2025-03-17 12:48:05,255,13,13,Candy Apple Red
2025-03-17 12:48:05,255,14,11,Candy Apple Red
2025-03-17 12:48:05,255,14,18,Candy Apple Red
2025-03-17 12:48:05,255,14,20,Candy Apple Red
2025-03-17 12:48:05,255,14,18,Candy Apple Red
2025-03-17 12:48:05,255,14,16,Candy Apple Red
2025-03-17 12:48:05,255,17,28,Ruddy
2025-03-17 12:48:05,255,16,27,Ruddy
2025-03-17 12:48:05,255,15,17,Candy Apple Red
2025-03-17 12:48:05,255,18,22,Blue (Ryb)
2025-03-17 12:48:05,255,17,24,Blue (Ryb)
2025-03-17 12:48:05,255,18,17,Candy Apple Red
2025-03-17 12:48:05,255,19,28,Blue (Ryb)
2025-03-17 12:48:05,255,16,27,Ruddy
2025-03-17 12:48:05,255,22,24,Blue (Ryb)
2025-03-17 12:48:05,255,16,20,Candy Apple Red
2025-03-17 12:48:05,255,24,25,Blue (Ryb)
2025-03-17 12:48:05,255,24,25,Blue (Ryb)
2025-03-17 12:48:05,255,18,29,Ruddy
2025-03-17 12:48:05,255,20,20,Blue (Ryb)
2025-03-17 12:48:05,255,16,22,Candy Apple Red
2025-03-17 12:48:05,255,19,23,Blue (Ryb)
2025-03-17 12:48:05,255,20,31,Ruddy
2025-03-17 12:48:05,255,21,23,Blue (Ryb)
2025-03-17 12:48:06,255,24,23,Blue (Ryb)
2025-03-17 12:48:06,255,23,10,Scarlet
2025-03-17 12:48:06,255,13,9,Candy Apple Red
2025-03-17 12:48:06,200,7,0,Venetian Red
2025-03-17 12:48:06,123,3,0,Maroon (Html/Css)
2025-03-17 12:48:06,37,24,36,Dark Jungle Green
2025-03-17 12:48:06,166,118,122,Bazaar
2025-03-17 12:48:06,150,126,132,Cinereous
2025-03-17 12:48:06,54,52,66,Onyx
2025-03-17 12:48:06,23,18,30,Licorice
2025-03-17 12:48:06,17,16,32,Licorice
2025-03-17 12:48:06,21,20,27,Licorice
2025-03-17 12:48:06,166,127,122,Beaver
2025-03-17 12:48:06,194,147,133,Rosy Brown
2025-03-17 12:48:06,204,157,145,Rosy Brown
2025-03-17 12:48:06,206,161,153,Pastel Pink
2025-03-17 12:48:06,208,163,158,Pastel Pink
2025-03-17 12:48:06,217,165,159,Pastel Pink
2025-03-17 12:48:06,208,160,157,Pastel Pink
2025-03-17 12:48:06,213,159,153,Pastel Pink
2025-03-17 12:48:06,208,154,155,Pastel Pink
2025-03-17 12:48:06,202,154,151,Rosy Brown
2025-03-17 12:48:06,197,154,148,Rosy Brown
2025-03-17 12:48:06,203,151,147,Rosy Brown
2025-03-17 12:48:06,198,152,149,Rosy Brown
2025-03-17 12:48:06,198,152,149,Rosy Brown
2025-03-17 12:48:06,203,151,149,Rosy Brown
2025-03-17 12:48:06,195,150,145,Rosy Brown
2025-03-17 12:48:06,194,150,151,Rosy Brown
2025-03-17 12:48:06,195,150,147,Rosy Brown
2025-03-17 12:48:07,195,152,150,Rosy Brown
2025-03-17 12:48:07,190,152,145,Rosy Brown
2025-03-17 12:48:07,188,150,142,Rosy Brown
2025-03-17 12:48:07,197,150,147,Rosy Brown
2025-03-17 12:48:07,192,150,144,Rosy Brown
2025-03-17 12:48:07,191,150,144,Rosy Brown
2025-03-17 12:48:07,189,151,146,Rosy Brown
2025-03-17 12:48:07,189,151,144,Rosy Brown
2025-03-17 12:48:07,186,149,139,Rosy Brown
2025-03-17 12:48:07,191,148,145,Rosy Brown
2025-03-17 12:48:07,194,149,146,Rosy Brown
2025-03-17 12:48:07,191,149,142,Rosy Brown
2025-03-17 12:48:07,195,150,147,Rosy Brown
2025-03-17 12:48:07,195,150,145,Rosy Brown
2025-03-17 12:48:07,194,151,147,Rosy Brown
2025-03-17 12:48:07,194,149,144,Rosy Brown
2025-03-17 12:48:07,192,150,144,Rosy Brown
2025-03-17 12:48:07,188,150,140,Rosy Brown
2025-03-17 12:48:07,188,150,142,Rosy Brown
2025-03-17 12:48:07,186,148,141,Rosy Brown
2025-03-17 12:48:07,192,147,141,Rosy Brown
2025-03-17 12:48:07,190,147,141,Rosy Brown
2025-03-17 12:48:07,193,148,145,Rosy Brown
2025-03-17 12:48:07,192,147,143,Rosy Brown
2025-03-17 12:48:07,190,147,145,Rosy Brown
2025-03-17 12:48:07,190,147,141,Rosy Brown
2025-03-17 12:48:07,193,148,142,Rosy Brown
2025-03-17 12:48:07,188,149,149,Rosy Brown
2025-03-17 12:48:07,195,157,149,Rosy Brown
2025-03-17 12:48:08,196,158,153,Rosy Brown
2025-03-17 12:48:08,198,157,153,Rosy Brown
2025-03-17 12:48:08,197,159,152,Khaki (Html/Css) (Khaki)
2025-03-17 12:48:08,199,161,154,Khaki (Html/Css) (Khaki)
2025-03-17 12:48:08,198,160,155,Khaki (Html/Css) (Khaki)
2025-03-17 12:48:08,203,160,160,Pastel Pink
2025-03-17 12:48:08,201,158,154,Khaki (Html/Css) (Khaki)
2025-03-17 12:48:08,197,159,154,Khaki (Html/Css) (Khaki)
2025-03-17 12:48:08,198,162,154,Khaki (Html/Css) (Khaki)
2025-03-17 12:48:08,202,157,156,Pastel Pink
2025-03-17 12:48:08,201,158,154,Khaki (Html/Css) (Khaki)
2025-03-17 12:48:08,200,160,153,Khaki (Html/Css) (Khaki)
2025-03-17 12:48:08,199,156,155,Rosy Brown
2025-03-17 12:48:08,196,158,153,Rosy Brown
2025-03-17 12:48:08,196,158,153,Rosy Brown
2025-03-17 12:48:08,197,159,154,Khaki (Html/Css) (Khaki)
2025-03-17 12:48:08,202,159,151,Khaki (Html/Css) (Khaki)
2025-03-17 12:48:08,196,158,153,Rosy Brown
2025-03-17 12:48:08,195,159,152,Khaki (Html/Css) (Khaki)
2025-03-17 12:48:08,195,157,149,Rosy Brown
2025-03-17 12:48:08,201,156,151,Rosy Brown
2025-03-17 12:48:08,199,156,153,Rosy Brown
2025-03-17 12:48:08,200,155,151,Rosy Brown
2025-03-17 12:48:08,197,154,148,Rosy Brown
2025-03-17 12:48:08,201,156,151,Rosy Brown
2025-03-17 12:48:08,201,156,151,Rosy Brown
2025-03-17 12:48:08,202,153,146,Rosy Brown
2025-03-17 12:48:08,192,150,141,Rosy Brown
2025-03-17 12:48:08,62,60,79,Arsenic
2025-03-17 12:48:09,135,139,149,Taupe Gray
2025-03-17 12:48:09,115,115,122,Old Lavender
2025-03-17 12:48:09,162,129,118,Beaver
2025-03-17 12:48:09,181,142,128,Rosy Brown
2025-03-17 12:48:09,177,140,128,Grullo
2025-03-17 12:48:09,180,136,125,Old Rose
2025-03-17 12:48:09,171,136,119,Light Taupe
2025-03-17 12:48:09,171,136,119,Light Taupe
2025-03-17 12:48:09,163,125,116,Beaver
2025-03-17 12:48:09,132,94,89,Rose Taupe
2025-03-17 12:48:09,77,34,48,Caput Mortuum
2025-03-17 12:48:09,62,29,48,Bistre
2025-03-17 12:48:09,65,22,45,Dark Sienna
2025-03-17 12:48:09,65,26,49,Bistre
2025-03-17 12:48:09,70,27,48,Bistre
2025-03-17 12:48:09,71,22,44,Dark Sienna
2025-03-17 12:48:09,139,82,84,Rose Taupe
2025-03-17 12:48:09,139,82,84,Rose Taupe
2025-03-17 12:48:09,205,123,128,New York Pink
2025-03-17 12:48:09,188,110,110,Copper Penny
2025-03-17 12:48:09,161,74,78,Redwood
2025-03-17 12:48:09,118,15,20,Falu Red
2025-03-17 12:48:09,98,0,0,Rosewood
2025-03-17 12:48:09,106,0,3,Rosewood
2025-03-17 12:48:09,150,0,6,Usc Cardinal
2025-03-17 12:48:09,255,12,31,Ruddy
2025-03-17 12:48:09,255,23,45,Tractor Red
2025-03-17 12:48:09,255,21,46,Tractor Red
2025-03-17 12:48:09,255,21,46,Tractor Red
2025-03-17 12:48:09,255,22,44,Tractor Red
2025-03-17 12:48:09,255,22,44,Tractor Red
2025-03-17 12:48:09,255,22,44,Tractor Red
2025-03-17 12:48:10,255,22,44,Tractor Red
2025-03-17 12:48:10,255,22,44,Tractor Red
2025-03-17 12:48:10,255,20,40,Tractor Red
2025-03-17 12:48:10,255,22,44,Tractor Red
2025-03-17 12:48:10,255,20,38,Tractor Red
2025-03-17 12:48:10,255,20,38,Tractor Red
2025-03-17 12:48:10,255,22,40,Tractor Red
2025-03-17 12:48:10,255,22,40,Tractor Red
2025-03-17 12:48:10,255,20,33,Tractor Red
2025-03-17 12:48:10,255,22,40,Tractor Red
2025-03-17 12:48:10,255,22,44,Tractor Red
2025-03-17 12:48:10,255,22,40,Tractor Red
2025-03-17 12:48:10,255,22,44,Tractor Red
2025-03-17 12:48:10,255,20,33,Tractor Red
2025-03-17 12:48:10,255,22,42,Tractor Red
2025-03-17 12:48:10,255,22,44,Tractor Red
2025-03-17 12:48:10,255,22,42,Tractor Red
2025-03-17 12:48:10,255,22,42,Tractor Red
2025-03-17 12:48:10,255,22,42,Tractor Red
2025-03-17 12:48:10,255,20,38,Tractor Red
2025-03-17 12:48:10,255,22,42,Tractor Red
2025-03-17 12:48:10,255,22,40,Tractor Red
2025-03-17 12:48:10,255,20,40,Tractor Red
2025-03-17 12:48:10,255,20,38,Tractor Red
2025-03-17 12:48:10,255,22,44,Tractor Red
2025-03-17 12:48:10,255,20,38,Tractor Red
2025-03-17 12:48:10,255,22,42,Tractor Red
2025-03-17 12:48:10,255,20,38,Tractor Red
2025-03-17 12:48:10,255,20,33,Tractor Red
2025-03-17 12:48:10,255,22,40,Tractor Red
2025-03-17 12:48:11,255,20,38,Tractor Red
2025-03-17 12:48:11,255,20,38,Tractor Red
2025-03-17 12:48:11,255,20,33,Tractor Red
2025-03-17 12:48:11,255,22,42,Tractor Red
2025-03-17 12:48:11,255,20,38,Tractor Red
2025-03-17 12:48:11,255,20,36,Tractor Red
2025-03-17 12:48:11,255,20,33,Tractor Red
2025-03-17 12:48:11,255,22,42,Tractor Red
2025-03-17 12:48:11,255,22,42,Tractor Red
2025-03-17 12:48:11,255,20,38,Tractor Red
2025-03-17 12:48:11,255,22,40,Tractor Red
2025-03-17 12:48:11,255,22,40,Tractor Red
2025-03-17 12:48:11,255,20,38,Tractor Red
2025-03-17 12:48:11,255,25,36,Tractor Red
2025-03-17 12:48:11,255,20,36,Tractor Red
2025-03-17 12:48:11,255,22,40,Tractor Red
2025-03-17 12:48:11,255,23,36,Tractor Red
2025-03-17 12:48:11,255,20,40,Tractor Red
2025-03-17 12:48:11,255,20,33,Tractor Red
2025-03-17 12:48:11,255,20,31,Ruddy
2025-03-17 12:48:11,255,20,38,Tractor Red
2025-03-17 12:48:11,255,22,38,Tractor Red
2025-03-17 12:48:11,255,23,34,Tractor Red
2025-03-17 12:48:11,255,22,44,Tractor Red
2025-03-17 12:48:11,255,24,39,Tractor Red
2025-03-17 12:48:11,255,25,36,Tractor Red
2025-03-17 12:48:11,255,23,36,Tractor Red
2025-03-17 12:48:11,255,30,41,Tractor Red
2025-03-17 12:48:11,255,27,33,Blue (Ryb)
2025-03-17 12:48:11,255,26,37,Tractor Red
2025-03-17 12:48:12,255,26,30,Blue (Ryb)
2025-03-17 12:48:12,255,35,39,Blue (Ryb)
2025-03-17 12:48:12,255,33,42,Tractor Red
2025-03-17 12:48:12,255,26,37,Tractor Red
2025-03-17 12:48:12,255,29,33,Blue (Ryb)
2025-03-17 12:48:12,255,35,41,Blue (Ryb)
2025-03-17 12:48:12,255,33,42,Tractor Red
2025-03-17 12:48:12,255,34,36,Blue (Ryb)
2025-03-17 12:48:12,255,30,34,Blue (Ryb)
2025-03-17 12:48:12,255,31,42,Tractor Red
2025-03-17 12:48:12,255,34,38,Blue (Ryb)
2025-03-17 12:48:12,255,33,42,Tractor Red
2025-03-17 12:48:12,255,35,35,Blue (Ryb)
2025-03-17 12:48:12,255,20,38,Tractor Red
2025-03-17 12:48:12,255,20,36,Tractor Red
2025-03-17 12:48:12,255,20,33,Tractor Red
2025-03-17 12:48:12,255,20,31,Ruddy
2025-03-17 12:48:12,255,20,33,Tractor Red
2025-03-17 12:48:12,255,20,33,Tractor Red
2025-03-17 12:48:12,255,23,36,Tractor Red
2025-03-17 12:48:12,255,20,33,Tractor Red
2025-03-17 12:48:12,255,20,36,Tractor Red
2025-03-17 12:48:12,255,20,31,Ruddy
2025-03-17 12:48:12,255,22,38,Tractor Red
2025-03-17 12:48:12,255,20,33,Tractor Red
2025-03-17 12:48:12,255,20,38,Tractor Red
2025-03-17 12:48:12,255,20,36,Tractor Red
2025-03-17 12:48:12,255,20,33,Tractor Red
2025-03-17 12:48:12,255,22,42,Tractor Red
2025-03-17 12:48:12,255,20,38,Tractor Red
2025-03-17 12:48:13,255,20,24,Blue (Ryb)
2025-03-17 12:48:13,255,20,38,Tractor Red
2025-03-17 12:48:13,255,20,31,Ruddy
2025-03-17 12:48:13,255,20,31,Ruddy
2025-03-17 12:48:13,255,20,31,Ruddy
2025-03-17 12:48:13,255,21,25,Blue (Ryb)
2025-03-17 12:48:13,255,20,31,Ruddy
2025-03-17 12:48:13,255,22,21,Blue (Ryb)
2025-03-17 12:48:13,255,21,17,Blue (Ryb)
2025-03-17 12:48:13,255,21,13,Candy Apple Red
2025-03-17 12:48:13,255,21,17,Blue (Ryb)
2025-03-17 12:48:13,255,20,22,Blue (Ryb)
2025-03-17 12:48:13,255,20,22,Blue (Ryb)
2025-03-17 12:48:13,255,20,20,Blue (Ryb)
2025-03-17 12:48:13,255,20,12,Candy Apple Red
2025-03-17 12:48:13,255,21,17,Blue (Ryb)
2025-03-17 12:48:13,255,20,24,Blue (Ryb)
2025-03-17 12:48:13,255,20,22,Blue (Ryb)
2025-03-17 12:48:13,255,20,22,Blue (Ryb)
2025-03-17 12:48:13,255,20,20,Blue (Ryb)
2025-03-17 12:48:13,255,20,22,Blue (Ryb)
2025-03-17 12:48:13,255,20,22,Blue (Ryb)
2025-03-17 12:48:13,255,19,18,Blue (Ryb)
2025-03-17 12:48:13,255,21,23,Blue (Ryb)
2025-03-17 12:48:13,255,20,20,Blue (Ryb)
2025-03-17 12:48:13,255,20,20,Blue (Ryb)
2025-03-17 12:48:13,255,21,23,Blue (Ryb)
2025-03-17 12:48:13,255,21,25,Blue (Ryb)
2025-03-17 12:48:13,255,21,29,Blue (Ryb)
2025-03-17 12:48:14,255,20,22,Blue (Ryb)
2025-03-17 12:48:14,255,20,20,Blue (Ryb)
2025-03-17 12:48:14,255,20,22,Blue (Ryb)
2025-03-17 12:48:14,255,20,22,Blue (Ryb)
2025-03-17 12:48:14,255,20,22,Blue (Ryb)
2025-03-17 12:48:14,255,20,24,Blue (Ryb)
2025-03-17 12:48:14,255,21,25,Blue (Ryb)
2025-03-17 12:48:14,255,20,22,Blue (Ryb)
2025-03-17 12:48:14,255,20,24,Blue (Ryb)
2025-03-17 12:48:14,255,21,25,Blue (Ryb)
2025-03-17 12:48:14,255,20,24,Blue (Ryb)
2025-03-17 12:48:14,255,19,28,Blue (Ryb)
2025-03-17 12:48:14,255,21,29,Blue (Ryb)
2025-03-17 12:48:14,255,19,28,Blue (Ryb)
2025-03-17 12:48:14,255,21,29,Blue (Ryb)
2025-03-17 12:48:14,255,20,33,Tractor Red
2025-03-17 12:48:14,255,20,31,Ruddy
2025-03-17 12:48:14,255,21,27,Blue (Ryb)
2025-03-17 12:48:14,255,22,21,Blue (Ryb)
2025-03-17 12:48:14,255,23,34,Tractor Red
2025-03-17 12:48:14,255,21,27,Blue (Ryb)
2025-03-17 12:48:14,255,21,23,Blue (Ryb)
2025-03-17 12:48:14,255,23,32,Blue (Ryb)
2025-03-17 12:48:14,255,21,29,Blue (Ryb)
2025-03-17 12:48:14,255,21,29,Blue (Ryb)
2025-03-17 12:48:14,255,23,32,Blue (Ryb)
2025-03-17 12:48:14,255,24,33,Blue (Ryb)
2025-03-17 12:48:14,255,24,33,Blue (Ryb)
2025-03-17 12:48:14,255,30,34,Blue (Ryb)
2025-03-17 12:48:14,255,21,29,Blue (Ryb)
2025-03-17 12:48:15,255,23,34,Tractor Red
2025-03-17 12:48:15,255,23,27,Blue (Ryb)
2025-03-17 12:48:15,255,24,23,Blue (Ryb)
2025-03-17 12:48:15,255,29,24,Blue (Ryb)
2025-03-17 12:48:15,255,35,31,Blue (Ryb)
2025-03-17 12:48:15,255,33,25,Blue (Ryb)
2025-03-17 12:48:15,255,33,19,Blue (Ryb)
2025-03-17 12:48:15,255,24,31,Blue (Ryb)
2025-03-17 12:48:15,255,24,31,Blue (Ryb)
2025-03-17 12:48:15,255,35,25,Blue (Ryb)
2025-03-17 12:48:15,255,35,25,Blue (Ryb)
2025-03-17 12:48:15,255,39,36,Blue (Ryb)
2025-03-17 12:48:15,255,30,25,Blue (Ryb)
2025-03-17 12:48:15,255,28,20,Blue (Ryb)
2025-03-17 12:48:15,255,32,31,Blue (Ryb)
2025-03-17 12:48:15,255,35,29,Blue (Ryb)
2025-03-17 12:48:15,255,29,19,Blue (Ryb)
2025-03-17 12:48:15,255,21,25,Blue (Ryb)
2025-03-17 12:48:15,255,21,29,Blue (Ryb)
2025-03-17 12:48:15,255,21,29,Blue (Ryb)
2025-03-17 12:48:15,255,19,28,Blue (Ryb)
2025-03-17 12:48:15,255,21,27,Blue (Ryb)
2025-03-17 12:48:15,255,21,25,Blue (Ryb)
2025-03-17 12:48:15,255,20,31,Ruddy
2025-03-17 12:48:15,255,20,31,Ruddy
2025-03-17 12:48:15,255,20,33,Tractor Red
2025-03-17 12:48:15,255,21,25,Blue (Ryb)
2025-03-17 12:48:15,255,20,31,Ruddy
2025-03-17 12:48:15,255,19,28,Blue (Ryb)
2025-03-17 12:48:15,255,19,28,Blue (Ryb)
2025-03-17 12:48:15,255,21,29,Blue (Ryb)
2025-03-17 12:48:16,255,23,36,Tractor Red
2025-03-17 12:48:16,255,20,31,Ruddy
2025-03-17 12:48:16,255,20,26,Blue (Ryb)
2025-03-17 12:48:16,255,20,31,Ruddy
2025-03-17 12:48:16,255,20,31,Ruddy
2025-03-17 12:48:16,255,20,31,Ruddy
2025-03-17 12:48:16,255,21,29,Blue (Ryb)
2025-03-17 12:48:16,255,21,29,Blue (Ryb)
2025-03-17 12:48:16,255,21,29,Blue (Ryb)
2025-03-17 12:48:16,255,21,29,Blue (Ryb)
2025-03-17 12:48:16,255,21,29,Blue (Ryb)
2025-03-17 12:48:16,255,20,31,Ruddy
2025-03-17 12:48:16,255,21,25,Blue (Ryb)
2025-03-17 12:48:16,255,21,29,Blue (Ryb)
2025-03-17 12:48:16,255,20,22,Blue (Ryb)
2025-03-17 12:48:16,255,21,23,Blue (Ryb)
2025-03-17 12:48:16,255,16,9,Candy Apple Red
2025-03-17 12:48:16,255,11,3,Candy Apple Red
2025-03-17 12:48:16,255,6,6,Candy Apple Red
2025-03-17 12:48:16,255,6,6,Candy Apple Red
2025-03-17 12:48:16,255,4,1,Candy Apple Red
2025-03-17 12:48:16,255,6,7,Candy Apple Red
2025-03-17 12:48:16,255,3,0,Red (Ryb)
2025-03-17 12:48:16,255,5,2,Candy Apple Red
2025-03-17 12:48:16,255,6,6,Candy Apple Red
2025-03-17 12:48:16,255,6,0,Candy Apple Red
2025-03-17 12:48:16,255,9,6,Candy Apple Red
2025-03-17 12:48:16,255,11,1,Candy Apple Red
2025-03-17 12:48:16,255,22,21,Blue (Ryb)
2025-03-17 12:48:17,255,21,27,Blue (Ryb)
2025-03-17 12:48:17,255,21,27,Blue (Ryb)
2025-03-17 12:48:17,255,21,25,Blue (Ryb)
2025-03-17 12:48:17,255,22,44,Tractor Red
2025-03-17 12:48:17,255,22,42,Tractor Red
2025-03-17 12:48:17,255,34,47,Tractor Red
2025-03-17 12:48:17,255,34,36,Blue (Ryb)
2025-03-17 12:48:17,255,41,41,Deep Carmine Pink
2025-03-17 12:48:17,255,44,34,Blue (Ryb)
2025-03-17 12:48:17,255,34,36,Blue (Ryb)
2025-03-17 12:48:17,255,30,41,Tractor Red
2025-03-17 12:48:17,255,33,42,Tractor Red
2025-03-17 12:48:17,255,33,42,Tractor Red
2025-03-17 12:48:17,255,22,38,Tractor Red
2025-03-17 12:48:17,255,20,33,Tractor Red
2025-03-17 12:48:17,255,20,31,Ruddy
2025-03-17 12:48:17,255,22,42,Tractor Red
2025-03-17 12:48:17,255,23,29,Blue (Ryb)
2025-03-17 12:48:17,255,21,35,Tractor Red
2025-03-17 12:48:17,255,24,39,Tractor Red
2025-03-17 12:48:17,255,22,40,Tractor Red
2025-03-17 12:48:17,255,20,38,Tractor Red
2025-03-17 12:48:17,255,20,40,Tractor Red
2025-03-17 12:48:17,255,20,31,Ruddy
2025-03-17 12:48:17,255,25,36,Tractor Red
2025-03-17 12:48:17,255,20,31,Ruddy
2025-03-17 12:48:17,255,22,42,Tractor Red
2025-03-17 12:48:17,255,24,47,Tractor Red
2025-03-17 12:48:17,255,22,40,Tractor Red
2025-03-17 12:48:17,255,22,42,Tractor Red
2025-03-17 12:48:17,255,20,33,Tractor Red
2025-03-17 12:48:18,255,27,43,Tractor Red
2025-03-17 12:48:18,255,24,42,Tractor Red
2025-03-17 12:48:18,255,26,37,Tractor Red
2025-03-17 12:48:18,255,23,36,Tractor Red
2025-03-17 12:48:18,255,26,43,Tractor Red
2025-03-17 12:48:18,255,26,37,Tractor Red
2025-03-17 12:48:18,255,30,39,Tractor Red
2025-03-17 12:48:18,255,27,38,Tractor Red
2025-03-17 12:48:18,255,32,35,Blue (Ryb)
2025-03-17 12:48:18,255,35,29,Blue (Ryb)
2025-03-17 12:48:18,255,35,37,Blue (Ryb)
2025-03-17 12:48:18,255,38,37,Blue (Ryb)
2025-03-17 12:48:18,255,48,40,Deep Carmine Pink
2025-03-17 12:48:18,255,49,37,Blue (Ryb)
2025-03-17 12:48:18,255,59,32,Blue (Ryb)
2025-03-17 12:48:18,255,57,33,Blue (Ryb)
2025-03-17 12:48:18,255,53,34,Blue (Ryb)
2025-03-17 12:48:18,255,54,32,Blue (Ryb)
2025-03-17 12:48:18,255,58,39,Deep Carmine Pink
2025-03-17 12:48:18,255,58,37,Deep Carmine Pink
2025-03-17 12:48:18,255,20,40,Tractor Red
2025-03-17 12:48:18,255,22,42,Tractor Red
2025-03-17 12:48:18,255,19,28,Blue (Ryb)
2025-03-17 12:48:18,255,20,36,Tractor Red
2025-03-17 12:48:18,255,22,38,Tractor Red
2025-03-17 12:48:18,255,22,42,Tractor Red
2025-03-17 12:48:18,255,20,40,Tractor Red
2025-03-17 12:48:18,255,22,40,Tractor Red
2025-03-17 12:48:18,255,22,42,Tractor Red
2025-03-17 12:48:18,255,22,42,Tractor Red
2025-03-17 12:48:19,255,20,38,Tractor Red
2025-03-17 12:48:19,255,22,42,Tractor Red
2025-03-17 12:48:19,255,20,33,Tractor Red
2025-03-17 12:48:19,255,19,30,Ruddy
2025-03-17 12:48:19,255,20,33,Tractor Red
2025-03-17 12:48:19,255,20,33,Tractor Red
2025-03-17 12:48:19,255,22,44,Tractor Red
2025-03-17 12:48:19,255,22,42,Tractor Red
2025-03-17 12:48:19,255,22,40,Tractor Red
2025-03-17 12:48:19,255,20,33,Tractor Red
2025-03-17 12:48:19,255,20,40,Tractor Red
2025-03-17 12:48:19,255,20,33,Tractor Red
2025-03-17 12:48:19,255,22,42,Tractor Red
2025-03-17 12:48:19,255,20,33,Tractor Red
2025-03-17 12:48:19,255,22,40,Tractor Red
2025-03-17 12:48:19,255,20,31,Ruddy
2025-03-17 12:48:19,255,20,40,Tractor Red
2025-03-17 12:48:19,255,20,36,Tractor Red
2025-03-17 12:48:19,255,20,38,Tractor Red
2025-03-17 12:48:19,255,22,42,Tractor Red
2025-03-17 12:48:19,255,20,33,Tractor Red
2025-03-17 12:48:19,255,20,31,Ruddy
2025-03-17 12:48:19,255,22,40,Tractor Red
2025-03-17 12:48:19,255,20,38,Tractor Red
2025-03-17 12:48:19,255,22,40,Tractor Red
2025-03-17 12:48:19,255,22,42,Tractor Red
2025-03-17 12:48:19,255,22,40,Tractor Red
2025-03-17 12:48:19,255,22,42,Tractor Red
2025-03-17 12:48:19,255,22,44,Tractor Red
2025-03-17 12:48:20,255,20,38,Tractor Red
2025-03-17 12:48:20,255,22,44,Tractor Red
2025-03-17 12:48:20,255,20,33,Tractor Red
2025-03-17 12:48:20,255,20,38,Tractor Red
2025-03-17 12:48:20,255,20,38,Tractor Red
2025-03-17 12:48:20,255,21,46,Tractor Red
2025-03-17 12:48:20,255,20,40,Tractor Red
2025-03-17 12:48:20,255,20,33,Tractor Red
2025-03-17 12:48:20,255,20,38,Tractor Red
2025-03-17 12:48:20,255,20,38,Tractor Red
2025-03-17 12:48:20,255,22,40,Tractor Red
2025-03-17 12:48:20,255,22,44,Tractor Red
2025-03-17 12:48:20,255,22,42,Tractor Red
2025-03-17 12:48:20,255,22,42,Tractor Red
2025-03-17 12:48:20,255,22,42,Tractor Red
2025-03-17 12:48:20,255,20,38,Tractor Red
2025-03-17 12:48:20,255,20,33,Tractor Red
2025-03-17 12:48:20,255,20,33,Tractor Red
2025-03-17 12:48:20,255,22,42,Tractor Red
2025-03-17 12:48:20,255,20,33,Tractor Red
2025-03-17 12:48:20,255,22,40,Tractor Red
2025-03-17 12:48:20,255,20,36,Tractor Red
2025-03-17 12:48:20,255,22,42,Tractor Red
2025-03-17 12:48:20,255,20,33,Tractor Red
2025-03-17 12:48:20,255,22,40,Tractor Red
2025-03-17 12:48:20,255,21,29,Blue (Ryb)
2025-03-17 12:48:20,255,22,44,Tractor Red
2025-03-17 12:48:20,255,25,36,Tractor Red
2025-03-17 12:48:20,255,22,42,Tractor Red
2025-03-17 12:48:20,255,27,43,Tractor Red
2025-03-17 12:48:21,255,25,38,Tractor Red
2025-03-17 12:48:21,255,22,38,Tractor Red
2025-03-17 12:48:21,255,23,34,Tractor Red
2025-03-17 12:48:21,255,22,40,Tractor Red
2025-03-17 12:48:21,255,23,43,Tractor Red
2025-03-17 12:48:21,255,26,37,Tractor Red
2025-03-17 12:48:21,255,30,43,Tractor Red
2025-03-17 12:48:21,255,26,28,Blue (Ryb)
2025-03-17 12:48:21,255,24,37,Tractor Red
2025-03-17 12:48:21,255,21,35,Tractor Red
2025-03-17 12:48:21,255,32,43,Tractor Red
2025-03-17 12:48:21,255,24,37,Tractor Red
2025-03-17 12:48:21,255,30,34,Blue (Ryb)
2025-03-17 12:48:21,255,37,36,Blue (Ryb)
2025-03-17 12:48:21,255,32,33,Blue (Ryb)
2025-03-17 12:48:21,255,36,38,Blue (Ryb)
2025-03-17 12:48:21,255,36,38,Blue (Ryb)
2025-03-17 12:48:21,255,29,31,Blue (Ryb)
2025-03-17 12:48:21,255,38,39,Blue (Ryb)
2025-03-17 12:48:21,255,39,36,Blue (Ryb)
2025-03-17 12:48:21,255,36,33,Blue (Ryb)
2025-03-17 12:48:21,255,36,33,Blue (Ryb)
2025-03-17 12:48:21,255,32,33,Blue (Ryb)
2025-03-17 12:48:21,255,32,29,Blue (Ryb)
2025-03-17 12:48:21,255,22,40,Tractor Red
2025-03-17 12:48:21,255,20,36,Tractor Red
2025-03-17 12:48:21,255,20,33,Tractor Red
2025-03-17 12:48:21,255,20,33,Tractor Red
2025-03-17 12:48:21,255,22,40,Tractor Red
2025-03-17 12:48:21,255,22,42,Tractor Red
2025-03-17 12:48:22,255,22,42,Tractor Red
2025-03-17 12:48:22,255,22,42,Tractor Red
2025-03-17 12:48:22,255,19,34,Tractor Red
2025-03-17 12:48:22,255,22,42,Tractor Red
2025-03-17 12:48:22,255,20,40,Tractor Red
2025-03-17 12:48:22,255,22,40,Tractor Red
2025-03-17 12:48:22,255,22,44,Tractor Red
2025-03-17 12:48:22,255,22,44,Tractor Red
2025-03-17 12:48:22,255,22,42,Tractor Red
2025-03-17 12:48:22,255,22,44,Tractor Red
2025-03-17 12:48:22,255,22,42,Tractor Red
2025-03-17 12:48:22,255,22,42,Tractor Red
2025-03-17 12:48:22,255,22,42,Tractor Red
2025-03-17 12:48:22,255,22,42,Tractor Red
2025-03-17 12:48:22,255,20,40,Tractor Red
2025-03-17 12:48:22,255,22,40,Tractor Red
2025-03-17 12:48:22,255,22,44,Tractor Red
2025-03-17 12:48:22,255,20,38,Tractor Red
2025-03-17 12:48:22,255,20,33,Tractor Red
2025-03-17 12:48:22,255,22,44,Tractor Red
2025-03-17 12:48:22,255,20,38,Tractor Red
2025-03-17 12:48:22,255,22,40,Tractor Red
2025-03-17 12:48:22,255,20,40,Tractor Red
2025-03-17 12:48:22,255,20,40,Tractor Red
2025-03-17 12:48:22,255,20,33,Tractor Red
2025-03-17 12:48:22,255,22,44,Tractor Red
2025-03-17 12:48:22,255,20,36,Tractor Red
2025-03-17 12:48:22,255,20,40,Tractor Red
2025-03-17 12:48:22,255,22,40,Tractor Red
2025-03-17 12:48:22,255,22,44,Tractor Red
2025-03-17 12:48:23,255,22,44,Tractor Red
2025-03-17 12:48:23,255,22,42,Tractor Red
2025-03-17 12:48:23,255,20,36,Tractor Red
2025-03-17 12:48:23,255,20,36,Tractor Red
2025-03-17 12:48:23,255,22,42,Tractor Red
2025-03-17 12:48:23,255,22,42,Tractor Red
2025-03-17 12:48:23,255,20,38,Tractor Red
2025-03-17 12:48:23,255,22,44,Tractor Red
2025-03-17 12:48:23,255,22,42,Tractor Red
2025-03-17 12:48:23,255,24,44,Tractor Red
2025-03-17 12:48:23,255,20,40,Tractor Red
2025-03-17 12:48:23,255,22,42,Tractor Red
2025-03-17 12:48:23,255,27,38,Tractor Red
2025-03-17 12:48:23,255,20,38,Tractor Red
2025-03-17 12:48:23,255,20,38,Tractor Red
2025-03-17 12:48:23,255,23,43,Tractor Red
2025-03-17 12:48:23,255,23,41,Tractor Red
2025-03-17 12:48:23,255,29,39,Tractor Red
2025-03-17 12:48:23,255,26,41,Tractor Red
2025-03-17 12:48:23,255,22,42,Tractor Red
2025-03-17 12:48:23,255,32,35,Blue (Ryb)
2025-03-17 12:48:23,255,27,47,Tractor Red
2025-03-17 12:48:23,255,25,46,Tractor Red
2025-03-17 12:48:23,255,33,46,Tractor Red
2025-03-17 12:48:23,255,38,37,Blue (Ryb)
2025-03-17 12:48:23,255,38,37,Blue (Ryb)
2025-03-17 12:48:23,255,51,41,Deep Carmine Pink
2025-03-17 12:48:23,255,59,40,Deep Carmine Pink
2025-03-17 12:48:23,255,58,62,Coral Red
2025-03-17 12:48:23,134,15,26,Falu Red
2025-03-17 12:48:23,82,35,57,Caput Mortuum
2025-03-17 12:48:24,61,27,51,Bistre
2025-03-17 12:48:24,52,25,47,Bistre
2025-03-17 12:48:24,43,28,45,Dark Jungle Green
2025-03-17 12:48:24,39,26,47,Dark Jungle Green
2025-03-17 12:48:24,38,22,44,Dark Jungle Green
2025-03-17 12:48:24,36,21,43,Dark Jungle Green
2025-03-17 12:48:24,36,22,44,Dark Jungle Green
2025-03-17 12:48:24,37,24,45,Dark Jungle Green
2025-03-17 12:48:24,35,26,48,Dark Jungle Green
2025-03-17 12:48:24,40,24,50,Dark Jungle Green
2025-03-17 12:48:24,36,27,49,Dark Jungle Green
2025-03-17 12:48:24,39,26,45,Dark Jungle Green
2025-03-17 12:48:24,34,31,47,Dark Jungle Green
2025-03-17 12:48:24,37,29,44,Dark Jungle Green
2025-03-17 12:48:24,39,28,44,Dark Jungle Green
2025-03-17 12:48:24,36,26,44,Dark Jungle Green
2025-03-17 12:48:24,39,30,51,Dark Jungle Green
2025-03-17 12:48:24,43,29,55,Dark Jungle Green
2025-03-17 12:48:24,40,29,52,Dark Jungle Green
2025-03-17 12:48:24,37,26,51,Dark Jungle Green
2025-03-17 12:48:24,42,28,50,Dark Jungle Green
2025-03-17 12:48:24,39,30,51,Dark Jungle Green
2025-03-17 12:48:24,42,28,52,Dark Jungle Green
2025-03-17 12:48:24,36,30,50,Dark Jungle Green
2025-03-17 12:48:24,45,32,53,Black Leather Jacket
2025-03-17 12:48:24,44,33,58,Onyx
2025-03-17 12:48:24,43,36,61,Onyx
2025-03-17 12:48:24,51,33,55,Onyx
2025-03-17 12:48:24,52,35,62,Onyx
2025-03-17 12:48:24,50,36,60,Onyx
2025-03-17 12:48:25,48,40,58,Onyx
2025-03-17 12:48:25,47,41,58,Onyx
2025-03-17 12:48:25,56,37,66,Onyx
2025-03-17 12:48:25,57,39,61,Onyx
2025-03-17 12:48:25,56,42,61,Onyx
2025-03-17 12:48:25,51,37,63,Onyx
2025-03-17 12:48:25,44,38,62,Onyx
2025-03-17 12:48:25,56,38,54,Onyx
2025-03-17 12:48:25,63,34,57,Onyx
2025-03-17 12:48:25,64,37,59,Onyx
2025-03-17 12:48:25,83,45,65,Wine Dregs
2025-03-17 12:48:25,140,101,101,Raspberry Glace
2025-03-17 12:48:25,165,117,100,Blast-Off Bronze
2025-03-17 12:48:25,165,112,97,Blast-Off Bronze
2025-03-17 12:48:25,165,114,96,Blast-Off Bronze
2025-03-17 12:48:25,168,112,100,Blast-Off Bronze
2025-03-17 12:48:25,172,128,111,Beaver
2025-03-17 12:48:25,184,134,127,Old Rose
2025-03-17 12:48:25,183,136,127,Old Rose
2025-03-17 12:48:25,181,122,119,Turkish Rose
2025-03-17 12:48:25,158,103,107,Copper Rose
2025-03-17 12:48:25,162,136,170,Rose Quartz
2025-03-17 12:48:25,255,210,244,Pink Lace
2025-03-17 12:48:25,255,107,117,Brink Pink
2025-03-17 12:48:25,255,124,124,Coral Pink
2025-03-17 12:48:25,255,102,98,Pastel Red
2025-03-17 12:48:25,255,61,70,Coral Red
2025-03-17 12:48:25,255,25,64,Tractor Red
2025-03-17 12:48:25,154,116,107,Blast-Off Bronze
2025-03-17 12:48:25,170,130,118,Beaver
2025-03-17 12:48:26,171,131,115,Beaver
2025-03-17 12:48:26,166,131,118,Beaver
2025-03-17 12:48:26,169,136,125,Cinereous
2025-03-17 12:48:26,173,135,125,Light Taupe
2025-03-17 12:48:26,167,138,126,Cinereous
2025-03-17 12:48:26,174,139,129,Grullo
2025-03-17 12:48:26,179,139,130,Rosy Brown
2025-03-17 12:48:26,180,142,132,Rosy Brown
2025-03-17 12:48:26,180,142,130,Rosy Brown
2025-03-17 12:48:26,184,144,130,Rosy Brown
2025-03-17 12:48:26,182,147,130,Grullo
2025-03-17 12:48:26,190,148,135,Rosy Brown
2025-03-17 12:48:26,188,149,133,Rosy Brown
2025-03-17 12:48:26,192,152,136,Rosy Brown
2025-03-17 12:48:26,194,151,140,Rosy Brown
2025-03-17 12:48:26,198,153,147,Rosy Brown
2025-03-17 12:48:26,204,154,145,Rosy Brown
2025-03-17 12:48:26,204,157,147,Rosy Brown
2025-03-17 12:48:26,204,158,143,Khaki (Html/Css) (Khaki)
2025-03-17 12:48:26,205,158,149,Khaki (Html/Css) (Khaki)
2025-03-17 12:48:26,215,164,150,Pastel Pink
2025-03-17 12:48:26,215,166,159,Pastel Pink
2025-03-17 12:48:26,221,169,162,Pastel Pink
2025-03-17 12:48:26,218,167,156,Pastel Pink
2025-03-17 12:48:26,215,168,158,Pastel Pink
2025-03-17 12:48:26,216,169,161,Pastel Pink
2025-03-17 12:48:26,216,169,157,Pastel Pink
2025-03-17 12:48:26,214,170,153,Pastel Pink
2025-03-17 12:48:26,215,168,158,Pastel Pink
2025-03-17 12:48:26,216,164,158,Pastel Pink
2025-03-17 12:48:27,209,162,152,Pastel Pink
2025-03-17 12:48:27,211,160,149,Pastel Pink
2025-03-17 12:48:27,208,161,147,Tumbleweed
2025-03-17 12:48:27,208,159,148,Tumbleweed
2025-03-17 12:48:27,208,160,153,Pastel Pink
2025-03-17 12:48:27,211,160,149,Pastel Pink
2025-03-17 12:48:27,209,165,152,Pastel Pink
2025-03-17 12:48:27,211,166,156,Pastel Pink
2025-03-17 12:48:27,213,168,156,Pastel Pink
2025-03-17 12:48:27,219,168,159,Pastel Pink
2025-03-17 12:48:27,224,172,166,Pastel Pink
2025-03-17 12:48:27,230,173,168,Pale Chestnut
2025-03-17 12:48:27,223,176,168,Pale Chestnut
2025-03-17 12:48:27,223,176,168,Pale Chestnut
2025-03-17 12:48:27,208,157,141,Tumbleweed
2025-03-17 12:48:27,70,16,33,Dark Sienna
2025-03-17 12:48:27,105,0,0,Rosewood
2025-03-17 12:48:27,254,10,5,Candy Apple Red
2025-03-17 12:48:27,255,33,23,Blue (Ryb)
2025-03-17 12:48:27,255,60,50,Coral Red
2025-03-17 12:48:27,255,81,42,Coral Red
2025-03-17 12:48:27,255,95,41,Pumpkin
2025-03-17 12:48:27,255,60,36,Deep Carmine Pink
2025-03-17 12:48:27,134,3,0,Dark Red
2025-03-17 12:48:27,89,22,33,Caput Mortuum
2025-03-17 12:48:27,155,117,106,Blast-Off Bronze
2025-03-17 12:48:27,224,169,154,Pastel Pink
2025-03-17 12:48:27,218,167,158,Pastel Pink
2025-03-17 12:48:27,216,164,156,Pastel Pink
2025-03-17 12:48:27,217,163,154,Pastel Pink
2025-03-17 12:48:28,218,162,152,Pastel Pink
2025-03-17 12:48:28,216,164,156,Pastel Pink
2025-03-17 12:48:28,216,164,156,Pastel Pink
2025-03-17 12:48:28,224,165,154,Pastel Pink
2025-03-17 12:48:28,228,165,159,Pastel Pink
2025-03-17 12:48:28,225,167,153,Pastel Pink
2025-03-17 12:48:28,226,168,156,Pastel Pink
2025-03-17 12:48:28,228,166,155,Pastel Pink
2025-03-17 12:48:28,96,30,32,Caput Mortuum
2025-03-17 12:48:28,79,19,28,Dark Scarlet
2025-03-17 12:48:28,202,141,137,Rosy Brown
2025-03-17 12:48:28,235,165,160,Pastel Pink
2025-03-17 12:48:28,231,168,157,Pastel Pink
2025-03-17 12:48:28,231,168,157,Pastel Pink
2025-03-17 12:48:28,238,168,162,Pastel Pink
2025-03-17 12:48:28,225,169,166,Pastel Pink
2025-03-17 12:48:28,221,167,159,Pastel Pink
2025-03-17 12:48:28,222,165,160,Pastel Pink
2025-03-17 12:48:28,211,166,156,Pastel Pink
2025-03-17 12:48:28,215,163,159,Pastel Pink
2025-03-17 12:48:28,214,162,153,Pastel Pink
2025-03-17 12:48:28,214,162,155,Pastel Pink
2025-03-17 12:48:28,211,160,149,Pastel Pink
2025-03-17 12:48:28,205,158,151,Khaki (Html/Css) (Khaki)
2025-03-17 12:48:28,205,158,151,Khaki (Html/Css) (Khaki)
2025-03-17 12:48:28,205,154,147,Rosy Brown
2025-03-17 12:48:28,204,157,147,Rosy Brown
2025-03-17 12:48:28,82,55,56,Taupe
2025-03-17 12:48:28,20,3,7,Licorice
2025-03-17 12:48:29,30,5,6,Licorice
2025-03-17 12:48:29,46,9,15,Seal Brown
2025-03-17 12:48:29,53,7,13,Seal Brown
2025-03-17 12:48:29,183,132,119,Light Taupe
2025-03-17 12:48:29,211,152,145,Tumbleweed
2025-03-17 12:48:29,211,152,145,Tumbleweed
2025-03-17 12:48:29,207,154,141,Rosy Brown
2025-03-17 12:48:29,205,154,141,Rosy Brown
2025-03-17 12:48:29,204,153,138,Rosy Brown
2025-03-17 12:48:29,201,154,144,Rosy Brown
2025-03-17 12:48:29,203,151,143,Rosy Brown
2025-03-17 12:48:29,201,152,145,Rosy Brown
2025-03-17 12:48:29,203,152,139,Rosy Brown
2025-03-17 12:48:29,194,150,135,Rosy Brown
2025-03-17 12:48:29,197,150,140,Rosy Brown
2025-03-17 12:48:29,192,147,137,Rosy Brown
2025-03-17 12:48:29,192,147,137,Rosy Brown
2025-03-17 12:48:29,192,147,137,Rosy Brown
2025-03-17 12:48:29,188,144,134,Rosy Brown
2025-03-17 12:48:29,191,146,136,Rosy Brown
2025-03-17 12:48:29,189,147,134,Rosy Brown
2025-03-17 12:48:29,189,147,136,Rosy Brown
2025-03-17 12:48:29,193,148,140,Rosy Brown
2025-03-17 12:48:29,193,148,140,Rosy Brown
2025-03-17 12:48:29,191,149,140,Rosy Brown
2025-03-17 12:48:29,189,151,139,Rosy Brown
2025-03-17 12:48:29,189,151,141,Rosy Brown
2025-03-17 12:48:29,189,151,141,Rosy Brown
2025-03-17 12:48:29,190,152,140,Rosy Brown
2025-03-17 12:48:29,192,150,144,Rosy Brown
2025-03-17 12:48:29,194,151,145,Rosy Brown
2025-03-17 12:48:30,197,150,143,Rosy Brown
2025-03-17 12:48:30,194,152,136,Rosy Brown
2025-03-17 12:48:30,194,152,134,Rosy Brown
2025-03-17 12:48:30,197,150,143,Rosy Brown
2025-03-17 12:48:30,189,151,141,Rosy Brown
2025-03-17 12:48:30,194,151,143,Rosy Brown
2025-03-17 12:48:30,194,151,143,Rosy Brown
2025-03-17 12:48:30,196,154,139,Rosy Brown
2025-03-17 12:48:30,191,150,144,Rosy Brown
2025-03-17 12:48:30,194,149,141,Rosy Brown
2025-03-17 12:48:30,192,150,141,Rosy Brown
2025-03-17 12:48:30,195,151,143,Rosy Brown
2025-03-17 12:48:30,194,151,145,Rosy Brown
2025-03-17 12:48:30,196,149,141,Rosy Brown
2025-03-17 12:48:30,195,151,143,Rosy Brown
2025-03-17 12:48:30,198,153,145,Rosy Brown
2025-03-17 12:48:30,194,151,143,Rosy Brown
2025-03-17 12:48:30,194,151,143,Rosy Brown
2025-03-17 12:48:30,197,150,143,Rosy Brown
2025-03-17 12:48:30,194,151,143,Rosy Brown
2025-03-17 12:48:30,199,153,139,Rosy Brown
2025-03-17 12:48:30,192,150,139,Rosy Brown
2025-03-17 12:48:30,195,151,143,Rosy Brown
2025-03-17 12:48:30,192,152,140,Rosy Brown
2025-03-17 12:48:30,199,154,144,Rosy Brown
2025-03-17 12:48:30,190,152,143,Rosy Brown
2025-03-17 12:48:30,194,151,145,Rosy Brown
2025-03-17 12:48:30,199,154,146,Rosy Brown
2025-03-17 12:48:30,197,150,140,Rosy Brown
2025-03-17 12:48:31,192,152,143,Rosy Brown
2025-03-17 12:48:31,192,152,143,Rosy Brown
2025-03-17 12:48:31,194,151,140,Rosy Brown
2025-03-17 12:48:31,192,152,143,Rosy Brown
2025-03-17 12:48:31,196,154,143,Rosy Brown
2025-03-17 12:48:31,199,152,145,Rosy Brown
2025-03-17 12:48:31,198,156,147,Rosy Brown
2025-03-17 12:48:31,202,155,147,Rosy Brown
2025-03-17 12:48:31,199,152,147,Rosy Brown
2025-03-17 12:48:31,191,149,142,Rosy Brown
2025-03-17 12:48:31,194,146,143,Rosy Brown
2025-03-17 12:48:31,200,155,145,Rosy Brown
2025-03-17 12:48:31,201,158,154,Khaki (Html/Css) (Khaki)
2025-03-17 12:48:31,206,161,157,Pastel Pink
2025-03-17 12:48:31,209,166,162,Pastel Pink
2025-03-17 12:48:31,211,164,161,Pastel Pink
2025-03-17 12:48:31,212,165,158,Pastel Pink
2025-03-17 12:48:31,214,161,164,Pastel Pink
2025-03-17 12:48:31,206,161,151,Khaki (Html/Css) (Khaki)
2025-03-17 12:48:31,211,160,151,Pastel Pink
2025-03-17 12:48:31,208,156,152,Pastel Pink
2025-03-17 12:48:31,204,157,150,Khaki (Html/Css) (Khaki)
2025-03-17 12:48:31,206,152,146,Rosy Brown
2025-03-17 12:48:31,182,124,112,Light Taupe
2025-03-17 12:48:31,189,127,107,Light Taupe
2025-03-17 12:48:31,197,130,118,Old Rose
2025-03-17 12:48:31,192,120,112,Old Rose
2025-03-17 12:48:31,188,120,111,Copper Penny
2025-03-17 12:48:31,163,97,96,Copper Rose
2025-03-17 12:48:31,106,35,35,Prune
2025-03-17 12:48:31,86,14,24,Dark Scarlet
2025-03-17 12:48:32,87,14,14,Dark Scarlet
2025-03-17 12:48:32,85,9,13,Dark Scarlet
2025-03-17 12:48:32,86,3,10,Bulgarian Rose
2025-03-17 12:48:32,90,3,9,Rosewood
2025-03-17 12:48:32,94,3,3,Rosewood
2025-03-17 12:48:32,105,7,7,Rosewood
2025-03-17 12:48:32,135,3,6,Dark Red
2025-03-17 12:48:32,166,0,3,Dark Candy Apple Red
2025-03-17 12:48:32,220,0,16,Ku Crimson
2025-03-17 12:48:32,255,27,52,Tractor Red
2025-03-17 12:48:32,255,33,60,Tractor Red
2025-03-17 12:48:32,255,23,45,Tractor Red
2025-03-17 12:48:32,255,23,45,Tractor Red
2025-03-17 12:48:32,255,27,54,Tractor Red
2025-03-17 12:48:32,255,28,48,Tractor Red
2025-03-17 12:48:32,253,31,45,Tractor Red
2025-03-17 12:48:32,144,0,6,Dark Red
2025-03-17 12:48:32,88,6,9,Rosewood
2025-03-17 12:48:32,63,7,6,Bulgarian Rose
2025-03-17 12:48:32,56,4,9,Bulgarian Rose
2025-03-17 12:48:32,53,5,9,Bulgarian Rose
2025-03-17 12:48:32,50,7,4,Zinnwaldite Brown
2025-03-17 12:48:32,46,11,17,Seal Brown
2025-03-17 12:48:32,67,22,33,Dark Sienna
2025-03-17 12:48:32,105,58,53,Deep Coffee
2025-03-17 12:48:32,139,84,85,Rose Taupe
2025-03-17 12:48:32,142,95,94,Rose Taupe
2025-03-17 12:48:32,150,96,94,Rose Taupe
2025-03-17 12:48:32,146,106,97,Dark Chestnut
2025-03-17 12:48:33,162,110,106,Blast-Off Bronze
2025-03-17 12:48:33,155,108,99,Dark Chestnut
2025-03-17 12:48:33,148,106,95,Dark Chestnut
2025-03-17 12:48:33,148,92,89,Rose Taupe
2025-03-17 12:48:33,142,92,88,Rose Taupe
2025-03-17 12:48:33,131,79,75,Tuscan Red
2025-03-17 12:48:33,143,87,75,Rose Taupe
2025-03-17 12:48:33,141,90,77,Rose Taupe
2025-03-17 12:48:33,152,100,92,Dark Chestnut
2025-03-17 12:48:33,160,116,106,Blast-Off Bronze
2025-03-17 12:48:33,169,123,108,Beaver
2025-03-17 12:48:33,180,135,127,Old Rose
2025-03-17 12:48:33,190,140,131,Old Rose
2025-03-17 12:48:33,184,144,126,Rosy Brown
2025-03-17 12:48:33,189,133,123,Old Rose
2025-03-17 12:48:33,173,126,116,Beaver
2025-03-17 12:48:33,178,129,117,Light Taupe
2025-03-17 12:48:33,178,129,115,Light Taupe
2025-03-17 12:48:33,179,128,112,Light Taupe
2025-03-17 12:48:33,183,136,127,Old Rose
2025-03-17 12:48:33,184,135,123,Old Rose
2025-03-17 12:48:33,178,129,115,Light Taupe
2025-03-17 12:48:33,185,132,119,Old Rose
2025-03-17 12:48:33,170,125,113,Beaver
2025-03-17 12:48:33,172,124,107,Copper Penny
2025-03-17 12:48:33,172,123,114,Beaver
2025-03-17 12:48:33,193,137,125,Old Rose
2025-03-17 12:48:33,192,139,126,Old Rose
2025-03-17 12:48:33,194,141,126,Old Rose
2025-03-17 12:48:33,194,134,120,Old Rose
2025-03-17 12:48:33,192,134,120,Old Rose
2025-03-17 12:48:34,205,139,136,New York Pink
2025-03-17 12:48:34,203,143,143,Rosy Brown
2025-03-17 12:48:34,205,150,149,Rosy Brown
2025-03-17 12:48:34,199,144,143,Rosy Brown
2025-03-17 12:48:34,186,134,125,Old Rose
2025-03-17 12:48:34,182,128,113,Light Taupe
2025-03-17 12:48:34,182,128,113,Light Taupe
2025-03-17 12:48:34,186,124,113,Light Taupe
2025-03-17 12:48:34,189,124,112,Old Rose
2025-03-17 12:48:34,181,126,109,Light Taupe
2025-03-17 12:48:34,181,123,109,Copper Penny
2025-03-17 12:48:34,179,121,107,Copper Penny
2025-03-17 12:48:34,169,119,101,Blast-Off Bronze
2025-03-17 12:48:34,176,121,106,Copper Penny
2025-03-17 12:48:34,175,119,107,Copper Penny
2025-03-17 12:48:34,181,118,105,Copper Penny
2025-03-17 12:48:34,170,117,102,Blast-Off Bronze
2025-03-17 12:48:34,177,119,107,Copper Penny
2025-03-17 12:48:34,170,117,95,Blast-Off Bronze
2025-03-17 12:48:34,166,114,103,Blast-Off Bronze
2025-03-17 12:48:34,162,117,109,Blast-Off Bronze
2025-03-17 12:48:34,168,113,98,Blast-Off Bronze
2025-03-17 12:48:34,171,113,99,Blast-Off Bronze
2025-03-17 12:48:34,170,111,104,Copper Penny
2025-03-17 12:48:34,163,114,96,Blast-Off Bronze
2025-03-17 12:48:34,170,117,102,Blast-Off Bronze
2025-03-17 12:48:34,170,117,102,Blast-Off Bronze
2025-03-17 12:48:34,167,116,100,Blast-Off Bronze
2025-03-17 12:48:34,169,115,107,Copper Penny
2025-03-17 12:48:35,170,116,104,Copper Penny
2025-03-17 12:48:35,182,122,111,Copper Penny
2025-03-17 12:48:35,180,127,112,Light Taupe
2025-03-17 12:48:35,186,133,118,Light Taupe
2025-03-17 12:48:35,191,138,120,Old Rose
2025-03-17 12:48:35,182,136,113,Light Taupe
2025-03-17 12:48:35,180,129,115,Light Taupe
2025-03-17 12:48:35,182,128,120,Old Rose
2025-03-17 12:48:35,182,128,120,Old Rose
2025-03-17 12:48:35,191,142,128,Old Rose
2025-03-17 12:48:35,197,151,136,Rosy Brown
2025-03-17 12:48:35,204,153,144,Rosy Brown
2025-03-17 12:48:35,204,148,138,Rosy Brown
2025-03-17 12:48:35,193,148,138,Rosy Brown
2025-03-17 12:48:35,200,146,138,Rosy Brown
2025-03-17 12:48:35,194,147,139,Rosy Brown
2025-03-17 12:48:35,193,146,132,Rosy Brown
2025-03-17 12:48:35,190,145,135,Rosy Brown
2025-03-17 12:48:35,190,145,135,Rosy Brown
2025-03-17 12:48:35,189,146,138,Rosy Brown
2025-03-17 12:48:35,191,144,137,Rosy Brown
2025-03-17 12:48:35,193,145,138,Rosy Brown
2025-03-17 12:48:35,191,144,137,Rosy Brown
2025-03-17 12:48:35,188,146,133,Rosy Brown
2025-03-17 12:48:35,197,145,139,Rosy Brown
2025-03-17 12:48:35,193,145,138,Rosy Brown
2025-03-17 12:48:35,191,146,134,Rosy Brown
2025-03-17 12:48:35,193,146,136,Rosy Brown
2025-03-17 12:48:35,187,143,130,Rosy Brown
2025-03-17 12:48:36,187,143,130,Rosy Brown
2025-03-17 12:48:36,187,144,136,Rosy Brown
2025-03-17 12:48:36,191,146,136,Rosy Brown
2025-03-17 12:48:36,191,146,140,Rosy Brown
2025-03-17 12:48:36,191,146,134,Rosy Brown
2025-03-17 12:48:36,191,146,134,Rosy Brown
2025-03-17 12:48:36,191,144,139,Rosy Brown
2025-03-17 12:48:36,193,148,138,Rosy Brown
2025-03-17 12:48:36,191,146,138,Rosy Brown
2025-03-17 12:48:36,196,149,141,Rosy Brown
2025-03-17 12:48:36,193,148,142,Rosy Brown
2025-03-17 12:48:36,193,148,142,Rosy Brown
2025-03-17 12:48:36,193,148,140,Rosy Brown
2025-03-17 12:48:36,189,146,138,Rosy Brown
2025-03-17 12:48:36,190,148,139,Rosy Brown
2025-03-17 12:48:36,192,147,139,Rosy Brown
2025-03-17 12:48:36,192,147,139,Rosy Brown
2025-03-17 12:48:36,195,148,136,Rosy Brown
2025-03-17 12:48:36,193,145,138,Rosy Brown
2025-03-17 12:48:36,186,141,131,Rosy Brown
2025-03-17 12:48:36,169,122,113,Beaver
2025-03-17 12:48:36,169,122,113,Beaver
2025-03-17 12:48:36,170,116,110,Copper Penny
2025-03-17 12:48:36,167,115,107,Copper Penny
2025-03-17 12:48:36,169,118,111,Copper Penny
2025-03-17 12:48:36,166,118,104,Blast-Off Bronze
2025-03-17 12:48:36,173,120,109,Copper Penny
2025-03-17 12:48:36,177,132,122,Light Taupe
2025-03-17 12:48:36,189,142,134,Rosy Brown
2025-03-17 12:48:36,195,151,140,Rosy Brown
2025-03-17 12:48:37,197,150,143,Rosy Brown
2025-03-17 12:48:37,198,153,145,Rosy Brown
2025-03-17 12:48:37,198,153,145,Rosy Brown
2025-03-17 12:48:37,192,150,139,Rosy Brown
2025-03-17 12:48:37,194,151,140,Rosy Brown
2025-03-17 12:48:37,192,150,141,Rosy Brown
2025-03-17 12:48:37,189,151,141,Rosy Brown
2025-03-17 12:48:37,195,151,143,Rosy Brown
2025-03-17 12:48:37,194,151,143,Rosy Brown
2025-03-17 12:48:37,194,149,141,Rosy Brown
2025-03-17 12:48:37,199,149,143,Rosy Brown
2025-03-17 12:48:37,191,149,140,Rosy Brown
2025-03-17 12:48:37,196,149,144,Rosy Brown
2025-03-17 12:48:37,196,149,144,Rosy Brown
2025-03-17 12:48:37,200,148,144,Rosy Brown
2025-03-17 12:48:37,198,146,142,Rosy Brown
2025-03-17 12:48:37,200,148,141,Rosy Brown
2025-03-17 12:48:37,199,149,143,Rosy Brown
2025-03-17 12:48:37,198,147,136,Rosy Brown
2025-03-17 12:48:37,195,148,140,Rosy Brown
2025-03-17 12:48:37,196,144,142,Rosy Brown
2025-03-17 12:48:37,198,144,138,Rosy Brown
2025-03-17 12:48:37,196,141,136,Rosy Brown
2025-03-17 12:48:37,145,98,88,Rose Taupe
2025-03-17 12:48:37,146,92,81,Rose Taupe
2025-03-17 12:48:37,191,128,124,Old Rose
2025-03-17 12:48:37,152,95,90,Rose Taupe
2025-03-17 12:48:37,255,20,31,Ruddy
2025-03-17 12:48:37,255,22,52,Tractor Red
2025-03-17 12:48:37,255,22,54,Tractor Red
2025-03-17 12:48:37,255,22,54,Tractor Red
2025-03-17 12:48:38,255,23,53,Tractor Red
2025-03-17 12:48:38,255,34,52,Tractor Red
2025-03-17 12:48:38,255,41,61,Deep Carmine Pink
2025-03-17 12:48:38,255,46,69,Coral Red
2025-03-17 12:48:38,255,44,62,Deep Carmine Pink
2025-03-17 12:48:38,255,45,58,Deep Carmine Pink
2025-03-17 12:48:38,255,38,45,Deep Carmine Pink
2025-03-17 12:48:38,255,42,42,Deep Carmine Pink
2025-03-17 12:48:38,255,48,50,Deep Carmine Pink
2025-03-17 12:48:38,255,42,46,Deep Carmine Pink
2025-03-17 12:48:38,255,21,46,Tractor Red
2025-03-17 12:48:38,255,21,46,Tractor Red
2025-03-17 12:48:38,255,22,44,Tractor Red
2025-03-17 12:48:38,255,23,48,Tractor Red
2025-03-17 12:48:38,255,22,44,Tractor Red
2025-03-17 12:48:38,255,21,48,Tractor Red
2025-03-17 12:48:38,255,20,40,Tractor Red
2025-03-17 12:48:38,255,20,40,Tractor Red
2025-03-17 12:48:38,255,20,38,Tractor Red
2025-03-17 12:48:38,255,20,38,Tractor Red
2025-03-17 12:48:38,255,22,44,Tractor Red
2025-03-17 12:48:38,255,22,44,Tractor Red
2025-03-17 12:48:38,255,22,40,Tractor Red
2025-03-17 12:48:38,255,22,42,Tractor Red
2025-03-17 12:48:38,255,20,38,Tractor Red
2025-03-17 12:48:38,255,20,38,Tractor Red
2025-03-17 12:48:38,255,22,42,Tractor Red
2025-03-17 12:48:38,255,20,38,Tractor Red
2025-03-17 12:48:38,255,22,40,Tractor Red
2025-03-17 12:48:38,255,22,44,Tractor Red
2025-03-17 12:48:38,228,4,14,Ku Crimson
2025-03-17 12:48:39,125,60,56,Medium Tuscan Red
2025-03-17 12:48:39,175,120,123,Turkish Rose
2025-03-17 12:48:39,143,102,98,Dark Chestnut
2025-03-17 12:48:39,145,114,103,Dark Chestnut
2025-03-17 12:48:39,143,119,107,Shadow
2025-03-17 12:48:39,153,118,108,Beaver
2025-03-17 12:48:39,153,119,109,Beaver
2025-03-17 12:48:39,154,119,109,Beaver
2025-03-17 12:48:39,153,119,109,Beaver
2025-03-17 12:48:39,153,118,106,Blast-Off Bronze
2025-03-17 12:48:39,141,96,82,Rose Taupe
2025-03-17 12:48:39,144,90,82,Rose Taupe
2025-03-17 12:48:39,135,81,73,Tuscan Red
2025-03-17 12:48:39,110,47,36,Prune
2025-03-17 12:48:39,78,15,11,Bulgarian Rose
2025-03-17 12:48:39,80,2,2,Bulgarian Rose
2025-03-17 12:48:39,255,26,30,Blue (Ryb)
2025-03-17 12:48:39,255,29,51,Tractor Red
2025-03-17 12:48:39,255,29,49,Tractor Red
2025-03-17 12:48:39,255,24,44,Tractor Red
2025-03-17 12:48:39,255,23,45,Tractor Red
2025-03-17 12:48:39,255,24,42,Tractor Red
2025-03-17 12:48:39,255,21,35,Tractor Red
2025-03-17 12:48:39,255,30,39,Tractor Red
2025-03-17 12:48:39,255,28,36,Blue (Ryb)
2025-03-17 12:48:39,255,26,41,Tractor Red
2025-03-17 12:48:39,255,25,38,Tractor Red
2025-03-17 12:48:39,255,28,44,Tractor Red
2025-03-17 12:48:39,255,26,32,Blue (Ryb)
2025-03-17 12:48:39,255,26,39,Tractor Red
2025-03-17 12:48:40,255,32,31,Blue (Ryb)
2025-03-17 12:48:40,255,36,31,Blue (Ryb)
2025-03-17 12:48:40,255,37,27,Blue (Ryb)
2025-03-17 12:48:40,255,31,20,Blue (Ryb)
2025-03-17 12:48:40,255,37,22,Blue (Ryb)
2025-03-17 12:48:40,255,38,33,Blue (Ryb)
2025-03-17 12:48:40,255,38,25,Blue (Ryb)
2025-03-17 12:48:40,255,41,19,Blue (Ryb)
2025-03-17 12:48:40,255,39,17,Blue (Ryb)
2025-03-17 12:48:40,255,37,27,Blue (Ryb)
2025-03-17 12:48:40,255,39,27,Blue (Ryb)
2025-03-17 12:48:40,255,40,20,Blue (Ryb)
2025-03-17 12:48:40,255,47,30,Blue (Ryb)
2025-03-17 12:48:40,255,38,25,Blue (Ryb)
2025-03-17 12:48:40,255,20,24,Blue (Ryb)
2025-03-17 12:48:40,255,20,26,Blue (Ryb)
2025-03-17 12:48:40,255,20,22,Blue (Ryb)
2025-03-17 12:48:40,255,21,27,Blue (Ryb)
2025-03-17 12:48:40,255,20,20,Blue (Ryb)
2025-03-17 12:48:40,255,20,24,Blue (Ryb)
2025-03-17 12:48:40,255,20,22,Blue (Ryb)
2025-03-17 12:48:40,255,20,22,Blue (Ryb)
2025-03-17 12:48:40,255,20,31,Ruddy
2025-03-17 12:48:40,255,20,31,Ruddy
2025-03-17 12:48:40,255,20,33,Tractor Red
2025-03-17 12:48:40,255,22,40,Tractor Red
2025-03-17 12:48:40,255,22,42,Tractor Red
2025-03-17 12:48:40,255,22,42,Tractor Red
2025-03-17 12:48:40,255,20,36,Tractor Red
2025-03-17 12:48:41,255,22,42,Tractor Red
2025-03-17 12:48:41,255,22,40,Tractor Red
2025-03-17 12:48:41,255,20,33,Tractor Red
2025-03-17 12:48:41,255,22,42,Tractor Red
2025-03-17 12:48:41,255,21,46,Tractor Red
2025-03-17 12:48:41,255,22,42,Tractor Red
2025-03-17 12:48:41,255,22,44,Tractor Red
2025-03-17 12:48:41,255,22,44,Tractor Red
2025-03-17 12:48:41,255,21,46,Tractor Red
2025-03-17 12:48:41,255,21,51,Tractor Red
2025-03-17 12:48:41,255,22,44,Tractor Red
2025-03-17 12:48:41,255,22,44,Tractor Red
2025-03-17 12:48:41,255,22,44,Tractor Red
2025-03-17 12:48:41,255,21,46,Tractor Red
2025-03-17 12:48:41,255,20,38,Tractor Red
2025-03-17 12:48:41,255,20,40,Tractor Red
2025-03-17 12:48:41,255,21,46,Tractor Red
2025-03-17 12:48:41,255,22,44,Tractor Red
2025-03-17 12:48:41,255,22,42,Tractor Red
2025-03-17 12:48:41,255,23,43,Tractor Red
2025-03-17 12:48:41,255,23,43,Tractor Red
2025-03-17 12:48:41,255,20,38,Tractor Red
2025-03-17 12:48:41,255,28,48,Tractor Red
2025-03-17 12:48:41,255,24,37,Tractor Red
2025-03-17 12:48:41,255,24,37,Tractor Red
2025-03-17 12:48:41,255,35,49,Deep Carmine Pink
2025-03-17 12:48:41,255,26,43,Tractor Red
2025-03-17 12:48:41,255,29,45,Tractor Red
2025-03-17 12:48:41,255,34,50,Tractor Red
2025-03-17 12:48:41,255,29,39,Tractor Red
2025-03-17 12:48:41,255,33,42,Tractor Red
2025-03-17 12:48:42,255,33,42,Tractor Red
2025-03-17 12:48:42,255,35,39,Blue (Ryb)
2025-03-17 12:48:42,255,29,47,Tractor Red
2025-03-17 12:48:42,255,34,45,Tractor Red
2025-03-17 12:48:42,255,28,42,Tractor Red
2025-03-17 12:48:42,255,37,46,Deep Carmine Pink
2025-03-17 12:48:42,255,37,48,Deep Carmine Pink
2025-03-17 12:48:42,255,37,43,Deep Carmine Pink
2025-03-17 12:48:42,255,46,45,Deep Carmine Pink
2025-03-17 12:48:42,255,26,37,Tractor Red
2025-03-17 12:48:42,255,37,50,Deep Carmine Pink
2025-03-17 12:48:42,255,37,50,Deep Carmine Pink
2025-03-17 12:48:42,255,41,47,Deep Carmine Pink
2025-03-17 12:48:42,255,40,42,Deep Carmine Pink
2025-03-17 12:48:42,255,47,44,Deep Carmine Pink
2025-03-17 12:48:42,255,47,44,Deep Carmine Pink
2025-03-17 12:48:42,255,40,39,Blue (Ryb)
2025-03-17 12:48:42,255,47,48,Deep Carmine Pink
2025-03-17 12:48:42,255,40,37,Blue (Ryb)
2025-03-17 12:48:42,255,36,38,Blue (Ryb)
2025-03-17 12:48:42,255,40,44,Deep Carmine Pink
2025-03-17 12:48:42,255,40,44,Deep Carmine Pink
2025-03-17 12:48:42,255,38,39,Blue (Ryb)
2025-03-17 12:48:42,255,35,43,Tractor Red
2025-03-17 12:48:43,255,35,43,Tractor Red
2025-03-17 12:48:43,255,37,46,Deep Carmine Pink
2025-03-17 12:48:43,255,37,46,Deep Carmine Pink
2025-03-17 12:48:43,255,37,36,Blue (Ryb)
2025-03-17 12:48:43,255,40,39,Blue (Ryb)
2025-03-17 12:48:43,255,39,38,Blue (Ryb)
2025-03-17 12:48:43,255,47,44,Deep Carmine Pink
2025-03-17 12:48:43,255,43,40,Deep Carmine Pink
2025-03-17 12:48:43,255,53,40,Deep Carmine Pink
2025-03-17 12:48:43,255,51,41,Deep Carmine Pink
2025-03-17 12:48:43,255,45,38,Blue (Ryb)
2025-03-17 12:48:43,255,59,44,Coral Red
2025-03-17 12:48:43,255,22,44,Tractor Red
2025-03-17 12:48:43,255,22,42,Tractor Red
2025-03-17 12:48:43,255,22,44,Tractor Red
2025-03-17 12:48:43,255,22,44,Tractor Red
2025-03-17 12:48:43,255,22,44,Tractor Red
2025-03-17 12:48:43,255,22,44,Tractor Red
2025-03-17 12:48:43,255,22,44,Tractor Red
2025-03-17 12:48:43,255,22,44,Tractor Red
2025-03-17 12:48:43,255,22,44,Tractor Red
2025-03-17 12:48:43,255,21,51,Tractor Red
2025-03-17 12:48:43,255,22,42,Tractor Red
2025-03-17 12:48:43,255,20,40,Tractor Red
2025-03-17 12:48:44,255,22,44,Tractor Red
2025-03-17 12:48:44,255,22,44,Tractor Red
2025-03-17 12:48:44,255,22,42,Tractor Red
2025-03-17 12:48:44,255,22,44,Tractor Red
2025-03-17 12:48:44,255,22,44,Tractor Red
2025-03-17 12:48:44,255,21,46,Tractor Red
2025-03-17 12:48:44,255,21,46,Tractor Red
2025-03-17 12:48:44,255,21,46,Tractor Red
2025-03-17 12:48:44,255,22,44,Tractor Red
2025-03-17 12:48:44,255,21,51,Tractor Red
2025-03-17 12:48:44,255,22,44,Tractor Red
2025-03-17 12:48:44,255,22,44,Tractor Red
2025-03-17 12:48:44,255,22,44,Tractor Red
2025-03-17 12:48:44,255,22,42,Tractor Red
2025-03-17 12:48:44,255,22,44,Tractor Red
2025-03-17 12:48:44,255,20,40,Tractor Red
2025-03-17 12:48:44,255,22,42,Tractor Red
2025-03-17 12:48:44,255,22,44,Tractor Red
2025-03-17 12:48:44,255,22,44,Tractor Red
2025-03-17 12:48:44,255,22,42,Tractor Red
2025-03-17 12:48:44,255,22,44,Tractor Red
2025-03-17 12:48:44,255,21,46,Tractor Red
2025-03-17 12:48:44,255,20,40,Tractor Red
2025-03-17 12:48:44,255,22,42,Tractor Red
2025-03-17 12:48:44,255,22,44,Tractor Red
2025-03-17 12:48:44,255,20,40,Tractor Red
2025-03-17 12:48:44,255,22,44,Tractor Red
2025-03-17 12:48:44,255,22,42,Tractor Red
2025-03-17 12:48:44,255,21,46,Tractor Red
2025-03-17 12:48:45,255,22,44,Tractor Red
2025-03-17 12:48:45,255,19,42,Tractor Red
2025-03-17 12:48:45,255,22,44,Tractor Red
2025-03-17 12:48:45,255,21,48,Tractor Red
2025-03-17 12:48:45,255,22,44,Tractor Red
2025-03-17 12:48:45,255,22,44,Tractor Red
2025-03-17 12:48:45,255,22,44,Tractor Red
2025-03-17 12:48:45,255,22,44,Tractor Red
2025-03-17 12:48:45,255,22,42,Tractor Red
2025-03-17 12:48:45,255,21,48,Tractor Red
2025-03-17 12:48:45,255,22,42,Tractor Red
2025-03-17 12:48:45,255,21,48,Tractor Red
2025-03-17 12:48:45,255,22,44,Tractor Red
2025-03-17 12:48:45,255,23,48,Tractor Red
2025-03-17 12:48:45,255,22,44,Tractor Red
2025-03-17 12:48:45,255,24,44,Tractor Red
2025-03-17 12:48:45,255,21,46,Tractor Red
2025-03-17 12:48:45,255,32,45,Tractor Red
2025-03-17 12:48:45,255,24,47,Tractor Red
2025-03-17 12:48:45,255,33,44,Tractor Red
2025-03-17 12:48:45,255,26,41,Tractor Red
2025-03-17 12:48:45,255,33,44,Tractor Red
2025-03-17 12:48:45,255,30,41,Tractor Red
2025-03-17 12:48:45,255,33,46,Tractor Red
2025-03-17 12:48:45,255,39,48,Deep Carmine Pink
2025-03-17 12:48:45,255,46,47,Deep Carmine Pink
2025-03-17 12:48:45,255,44,39,Blue (Ryb)
2025-03-17 12:48:45,105,6,15,Rosewood
2025-03-17 12:48:45,61,25,44,Bistre
2025-03-17 12:48:45,42,24,42,Dark Jungle Green
2025-03-17 12:48:45,37,23,47,Dark Jungle Green
2025-03-17 12:48:46,77,51,57,Taupe
2025-03-17 12:48:46,156,125,114,Beaver
2025-03-17 12:48:46,168,130,120,Beaver
2025-03-17 12:48:46,183,138,128,Old Rose
2025-03-17 12:48:46,186,148,141,Rosy Brown
2025-03-17 12:48:46,189,151,146,Rosy Brown
2025-03-17 12:48:46,192,151,147,Rosy Brown
2025-03-17 12:48:46,185,147,140,Rosy Brown
2025-03-17 12:48:46,178,136,127,Old Rose
2025-03-17 12:48:46,184,135,121,Old Rose
2025-03-17 12:48:46,172,125,111,Beaver
2025-03-17 12:48:46,162,117,103,Blast-Off Bronze
2025-03-17 12:48:46,126,92,91,Pastel Brown
2025-03-17 12:48:46,71,38,29,Bistre
2025-03-17 12:48:46,18,10,28,Licorice
2025-03-17 12:48:46,10,7,19,Licorice
2025-03-17 12:48:46,11,5,13,Black
2025-03-17 12:48:46,6,5,16,Black
2025-03-17 12:48:46,8,5,10,Black
2025-03-17 12:48:46,3,0,14,Black
2025-03-17 12:48:46,12,1,15,Black
2025-03-17 12:48:46,12,4,20,Licorice
2025-03-17 12:48:46,4,0,13,Black
2025-03-17 12:48:46,7,7,11,Black
2025-03-17 12:48:46,8,2,19,Black
2025-03-17 12:48:46,8,4,16,Black
2025-03-17 12:48:46,11,3,19,Licorice
2025-03-17 12:48:46,18,7,23,Licorice
2025-03-17 12:48:46,12,5,25,Licorice
2025-03-17 12:48:47,7,6,20,Licorice
2025-03-17 12:48:47,17,9,24,Licorice
2025-03-17 12:48:47,15,11,26,Licorice
2025-03-17 12:48:47,25,12,29,Licorice
2025-03-17 12:48:47,20,13,40,Dark Jungle Green
2025-03-17 12:48:47,20,14,31,Licorice
2025-03-17 12:48:47,22,17,29,Licorice
2025-03-17 12:48:47,23,15,30,Licorice
2025-03-17 12:48:47,22,15,40,Dark Jungle Green
2025-03-17 12:48:47,25,17,30,Licorice
2025-03-17 12:48:47,26,13,32,Licorice
2025-03-17 12:48:47,22,16,31,Licorice
2025-03-17 12:48:47,21,15,32,Licorice
2025-03-17 12:48:47,24,16,33,Licorice
2025-03-17 12:48:47,29,16,35,Licorice
2025-03-17 12:48:47,27,16,35,Licorice
2025-03-17 12:48:47,28,15,33,Licorice
2025-03-17 12:48:47,23,14,34,Licorice
2025-03-17 12:48:47,20,14,31,Licorice
2025-03-17 12:48:47,15,13,32,Licorice
2025-03-17 12:48:47,17,13,30,Licorice
2025-03-17 12:48:47,13,12,23,Licorice
2025-03-17 12:48:47,20,14,31,Licorice
2025-03-17 12:48:47,18,10,30,Licorice
2025-03-17 12:48:47,17,4,19,Licorice
2025-03-17 12:48:47,9,6,15,Black
2025-03-17 12:48:47,9,8,24,Licorice
2025-03-17 12:48:47,15,9,24,Licorice
2025-03-17 12:48:47,10,6,21,Licorice
2025-03-17 12:48:47,8,3,11,Black
2025-03-17 12:48:48,12,0,8,Black
2025-03-17 12:48:48,9,4,19,Licorice
2025-03-17 12:48:48,2,1,13,Black
2025-03-17 12:48:48,2,1,13,Black
2025-03-17 12:48:48,3,0,8,Black
2025-03-17 12:48:48,6,4,11,Black
2025-03-17 12:48:48,9,6,15,Black
2025-03-17 12:48:48,11,6,11,Black
2025-03-17 12:48:48,6,0,13,Black
2025-03-17 12:48:48,5,0,11,Black
2025-03-17 12:48:48,9,5,22,Licorice
2025-03-17 12:48:48,10,0,15,Black
2025-03-17 12:48:48,9,6,13,Black
2025-03-17 12:48:48,2,0,6,Black
2025-03-17 12:48:48,2,0,6,Black
2025-03-17 12:48:48,8,0,17,Black
2025-03-17 12:48:48,8,2,24,Licorice
2025-03-17 12:48:48,16,8,23,Licorice
2025-03-17 12:48:48,18,7,23,Licorice
2025-03-17 12:48:48,20,10,19,Licorice
2025-03-17 12:48:48,16,8,15,Licorice
2025-03-17 12:48:48,86,81,91,Davy'S Grey
2025-03-17 12:48:48,111,92,101,Dim Gray
2025-03-17 12:48:48,86,43,42,Caput Mortuum
2025-03-17 12:48:48,97,55,40,Otter Brown
2025-03-17 12:48:48,97,55,40,Otter Brown
2025-03-17 12:48:48,108,64,47,Otter Brown
2025-03-17 12:48:48,116,72,61,Medium Tuscan Red
2025-03-17 12:48:48,132,95,78,Pastel Brown
2025-03-17 12:48:48,138,100,86,Pastel Brown
2025-03-17 12:48:49,142,105,89,Dark Chestnut
2025-03-17 12:48:49,145,108,89,Dark Chestnut
2025-03-17 12:48:49,140,105,93,Dark Chestnut
2025-03-17 12:48:49,141,103,94,Rose Taupe
2025-03-17 12:48:49,142,98,83,Rose Taupe
2025-03-17 12:48:49,142,98,83,Rose Taupe
2025-03-17 12:48:49,127,90,69,Raw Umber
2025-03-17 12:48:49,120,82,73,Tuscan Red
2025-03-17 12:48:49,117,75,57,Coffee
2025-03-17 12:48:49,112,67,52,Medium Tuscan Red
2025-03-17 12:48:49,100,55,49,Otter Brown
2025-03-17 12:48:49,103,69,49,Coffee
2025-03-17 12:48:49,127,85,72,Tuscan Red
2025-03-17 12:48:49,138,108,92,Pastel Brown
2025-03-17 12:48:49,59,43,49,Onyx
2025-03-17 12:48:49,24,11,30,Licorice
2025-03-17 12:48:49,24,11,30,Licorice
2025-03-17 12:48:49,17,9,26,Licorice
2025-03-17 12:48:49,11,8,20,Licorice
2025-03-17 12:48:49,16,7,25,Licorice
2025-03-17 12:48:49,12,6,19,Licorice
2025-03-17 12:48:49,11,3,21,Licorice
2025-03-17 12:48:49,15,6,22,Licorice
2025-03-17 12:48:49,11,4,22,Licorice
2025-03-17 12:48:49,14,6,19,Licorice
2025-03-17 12:48:49,18,5,24,Licorice
2025-03-17 12:48:49,21,6,21,Licorice
2025-03-17 12:48:49,21,6,21,Licorice
2025-03-17 12:48:49,16,8,17,Licorice
2025-03-17 12:48:49,13,12,23,Licorice
2025-03-17 12:48:49,13,7,24,Licorice
2025-03-17 12:48:50,10,6,27,Licorice
2025-03-17 12:48:50,16,8,21,Licorice
2025-03-17 12:48:50,10,6,21,Licorice
2025-03-17 12:48:50,17,6,22,Licorice
2025-03-17 12:48:50,13,7,22,Licorice
2025-03-17 12:48:50,19,8,24,Licorice
2025-03-17 12:48:50,19,8,24,Licorice
2025-03-17 12:48:50,13,7,24,Licorice
2025-03-17 12:48:50,22,7,24,Licorice
2025-03-17 12:48:50,14,8,25,Licorice
2025-03-17 12:48:50,15,6,22,Licorice
2025-03-17 12:48:50,11,8,18,Licorice
2025-03-17 12:48:50,17,4,23,Licorice
2025-03-17 12:48:50,6,5,16,Black
2025-03-17 12:48:50,13,3,16,Licorice
2025-03-17 12:48:50,5,0,8,Black
2025-03-17 12:48:50,5,0,12,Black
2025-03-17 12:48:50,5,0,12,Black
2025-03-17 12:48:50,6,5,12,Black
2025-03-17 12:48:50,11,5,15,Licorice
2025-03-17 12:48:50,8,4,21,Licorice
2025-03-17 12:48:50,2,0,11,Black
2025-03-17 12:48:50,11,0,11,Black
2025-03-17 12:48:50,0,0,11,Black
2025-03-17 12:48:50,5,0,8,Black
2025-03-17 12:48:50,4,0,2,Black
2025-03-17 12:48:50,8,1,4,Black
2025-03-17 12:48:50,9,0,8,Black
2025-03-17 12:48:50,7,0,8,Black
2025-03-17 12:48:50,5,0,8,Black
2025-03-17 12:48:51,4,0,11,Black
2025-03-17 12:48:51,4,0,6,Black
2025-03-17 12:48:51,7,0,15,Black
2025-03-17 12:48:51,4,0,8,Black
2025-03-17 12:48:51,2,0,15,Black
2025-03-17 12:48:51,6,3,17,Black
2025-03-17 12:48:51,11,4,10,Black
2025-03-17 12:48:51,6,4,11,Black
2025-03-17 12:48:51,14,1,17,Licorice
2025-03-17 12:48:51,8,4,19,Black
2025-03-17 12:48:51,6,4,23,Licorice
2025-03-17 12:48:51,18,6,20,Licorice
2025-03-17 12:48:51,9,5,20,Licorice
2025-03-17 12:48:51,8,8,15,Black
2025-03-17 12:48:51,11,5,18,Licorice
2025-03-17 12:48:51,11,5,18,Licorice
2025-03-17 12:48:51,15,7,18,Licorice
2025-03-17 12:48:51,11,8,14,Licorice
2025-03-17 12:48:51,11,5,13,Black
2025-03-17 12:48:51,8,4,19,Black
2025-03-17 12:48:51,6,3,17,Black
2025-03-17 12:48:51,8,3,11,Black
2025-03-17 12:48:51,8,3,15,Black
2025-03-17 12:48:51,6,1,9,Black
2025-03-17 12:48:51,6,1,9,Black
2025-03-17 12:48:51,1,1,5,Black
2025-03-17 12:48:51,4,1,11,Black
2025-03-17 12:48:51,14,1,15,Licorice
2025-03-17 12:48:51,5,4,11,Black
2025-03-17 12:48:52,13,3,16,Licorice
2025-03-17 12:48:52,9,4,19,Licorice
2025-03-17 12:48:52,10,2,19,Black
2025-03-17 12:48:52,11,8,22,Licorice
2025-03-17 12:48:52,10,6,21,Licorice
2025-03-17 12:48:52,12,5,15,Licorice
2025-03-17 12:48:52,9,8,26,Licorice
2025-03-17 12:48:52,21,6,27,Licorice
2025-03-17 12:48:52,12,8,25,Licorice
2025-03-17 12:48:52,16,7,27,Licorice
2025-03-17 12:48:52,15,11,26,Licorice
2025-03-17 12:48:52,16,8,23,Licorice
2025-03-17 12:48:52,13,7,22,Licorice
2025-03-17 12:48:52,14,8,23,Licorice
2025-03-17 12:48:52,22,9,26,Licorice
2025-03-17 12:48:52,21,8,26,Licorice
2025-03-17 12:48:52,13,10,24,Licorice
2025-03-17 12:48:52,15,11,26,Licorice
2025-03-17 12:48:52,20,10,23,Licorice
2025-03-17 12:48:52,15,9,24,Licorice
2025-03-17 12:48:52,14,8,21,Licorice
2025-03-17 12:48:52,13,12,23,Licorice
2025-03-17 12:48:52,17,9,24,Licorice
2025-03-17 12:48:52,18,8,17,Licorice
2025-03-17 12:48:52,18,10,23,Licorice
2025-03-17 12:48:52,21,9,16,Licorice
2025-03-17 12:48:52,24,9,19,Licorice
2025-03-17 12:48:52,17,9,26,Licorice
2025-03-17 12:48:52,17,9,26,Licorice
2025-03-17 12:48:52,18,7,25,Licorice
2025-03-17 12:48:52,14,8,21,Licorice
2025-03-17 12:48:53,18,5,22,Licorice
2025-03-17 12:48:53,19,7,19,Licorice
2025-03-17 12:48:53,24,8,26,Licorice
2025-03-17 12:48:53,22,7,26,Licorice
2025-03-17 12:48:53,21,8,24,Licorice
2025-03-17 12:48:53,16,11,17,Licorice
2025-03-17 12:48:53,22,10,19,Licorice
2025-03-17 12:48:53,21,8,22,Licorice
2025-03-17 12:48:53,17,9,22,Licorice
2025-03-17 12:48:53,19,7,17,Licorice
2025-03-17 12:48:53,17,9,24,Licorice
2025-03-17 12:48:53,17,8,29,Licorice
2025-03-17 12:48:53,17,9,18,Licorice
2025-03-17 12:48:53,17,4,21,Licorice
2025-03-17 12:48:53,21,6,23,Licorice
2025-03-17 12:48:53,20,10,23,Licorice
2025-03-17 12:48:53,19,7,17,Licorice
2025-03-17 12:48:53,18,5,24,Licorice
2025-03-17 12:48:53,15,7,20,Licorice
2025-03-17 12:48:53,22,9,26,Licorice
2025-03-17 12:48:53,17,9,26,Licorice
2025-03-17 12:48:53,22,8,20,Licorice
2025-03-17 12:48:53,21,8,24,Licorice
2025-03-17 12:48:53,21,8,18,Licorice
2025-03-17 12:48:53,15,6,22,Licorice
2025-03-17 12:48:53,21,12,30,Licorice
2025-03-17 12:48:53,16,7,25,Licorice
2025-03-17 12:48:53,15,9,24,Licorice
2025-03-17 12:48:53,18,8,17,Licorice
2025-03-17 12:48:53,18,7,25,Licorice
2025-03-17 12:48:54,22,7,22,Licorice
2025-03-17 12:48:54,19,7,23,Licorice
2025-03-17 12:48:54,18,6,20,Licorice
2025-03-17 12:48:54,17,6,22,Licorice
2025-03-17 12:48:54,19,7,21,Licorice
2025-03-17 12:48:54,15,5,21,Licorice
2025-03-17 12:48:54,16,8,21,Licorice
2025-03-17 12:48:54,12,6,21,Licorice
2025-03-17 12:48:54,21,7,17,Licorice
2025-03-17 12:48:54,16,8,21,Licorice
2025-03-17 12:48:54,14,9,19,Licorice
2025-03-17 12:48:54,13,10,22,Licorice
2025-03-17 12:48:54,11,8,22,Licorice
2025-03-17 12:48:54,16,8,19,Licorice
2025-03-17 12:48:54,18,7,23,Licorice
2025-03-17 12:48:54,12,9,23,Licorice
2025-03-17 12:48:54,21,6,23,Licorice
2025-03-17 12:48:54,19,7,15,Licorice
2025-03-17 12:48:54,16,7,25,Licorice
2025-03-17 12:48:54,20,5,22,Licorice
2025-03-17 12:48:54,12,6,21,Licorice
2025-03-17 12:48:54,12,6,15,Licorice
2025-03-17 12:48:54,22,9,21,Licorice
2025-03-17 12:48:54,17,6,20,Licorice
2025-03-17 12:48:54,20,5,18,Licorice
2025-03-17 12:48:54,11,8,20,Licorice
2025-03-17 12:48:54,11,8,20,Licorice
2025-03-17 12:48:54,14,9,15,Licorice
2025-03-17 12:48:55,20,5,24,Licorice
2025-03-17 12:48:55,16,8,23,Licorice
2025-03-17 12:48:55,17,4,23,Licorice
2025-03-17 12:48:55,20,5,22,Licorice
2025-03-17 12:48:55,18,10,28,Licorice
2025-03-17 12:48:55,11,8,16,Licorice
2025-03-17 12:48:55,15,7,20,Licorice
2025-03-17 12:48:55,16,8,17,Licorice
2025-03-17 12:48:55,16,8,17,Licorice
2025-03-17 12:48:55,18,10,26,Licorice
2025-03-17 12:48:55,19,7,21,Licorice
2025-03-17 12:48:55,21,7,17,Licorice
2025-03-17 12:48:55,13,8,16,Licorice
2025-03-17 12:48:55,22,7,26,Licorice
2025-03-17 12:48:55,21,6,21,Licorice
2025-03-17 12:48:55,19,8,24,Licorice
2025-03-17 12:48:55,21,8,24,Licorice
2025-03-17 12:48:55,16,8,21,Licorice
2025-03-17 12:48:55,17,9,20,Licorice
2025-03-17 12:48:55,17,9,20,Licorice
2025-03-17 12:48:55,17,9,22,Licorice
2025-03-17 12:48:55,16,8,15,Licorice
2025-03-17 12:48:55,17,10,16,Licorice
2025-03-17 12:48:55,15,10,16,Licorice
2025-03-17 12:48:55,22,7,24,Licorice
2025-03-17 12:48:55,20,10,19,Licorice
2025-03-17 12:48:55,12,10,15,Licorice
2025-03-17 12:48:55,15,9,24,Licorice
2025-03-17 12:48:55,19,7,15,Licorice
2025-03-17 12:48:55,19,9,18,Licorice
2025-03-17 12:48:55,19,9,18,Licorice
2025-03-17 12:48:55,17,9,24,Licorice
2025-03-17 12:48:56,14,8,21,Licorice
2025-03-17 12:48:56,22,10,19,Licorice
2025-03-17 12:48:56,23,6,17,Licorice
2025-03-17 12:48:56,16,8,19,Licorice
2025-03-17 12:48:56,19,8,24,Licorice
2025-03-17 12:48:56,20,15,23,Licorice
2025-03-17 12:48:56,23,5,23,Licorice
2025-03-17 12:48:56,22,9,23,Licorice
2025-03-17 12:48:56,22,9,23,Licorice
2025-03-17 12:48:56,13,10,22,Licorice
2025-03-17 12:48:56,12,9,19,Licorice
2025-03-17 12:48:56,15,7,16,Licorice
2025-03-17 12:48:56,22,10,19,Licorice
2025-03-17 12:48:56,22,7,22,Licorice
2025-03-17 12:48:56,19,7,19,Licorice
2025-03-17 12:48:56,21,8,18,Licorice
2025-03-17 12:48:56,21,8,24,Licorice
2025-03-17 12:48:56,24,12,22,Licorice
2025-03-17 12:48:56,17,9,20,Licorice
2025-03-17 12:48:56,17,9,20,Licorice
2025-03-17 12:48:56,22,10,19,Licorice
2025-03-17 12:48:56,17,9,18,Licorice
2025-03-17 12:48:56,22,10,17,Licorice
2025-03-17 12:48:56,21,8,22,Licorice
2025-03-17 12:48:56,18,7,23,Licorice
2025-03-17 12:48:56,19,7,17,Licorice
2025-03-17 12:48:56,17,4,19,Licorice
2025-03-17 12:48:56,15,6,22,Licorice
2025-03-17 12:48:56,14,8,21,Licorice
2025-03-17 12:48:57,19,7,21,Licorice
2025-03-17 12:48:57,19,7,21,Licorice
2025-03-17 12:48:57,18,6,18,Licorice
2025-03-17 12:48:57,16,8,23,Licorice
2025-03-17 12:48:57,16,11,19,Licorice
2025-03-17 12:48:57,17,9,20,Licorice
2025-03-17 12:48:57,21,8,18,Licorice
2025-03-17 12:48:57,18,10,28,Licorice
2025-03-17 12:48:57,14,8,23,Licorice
2025-03-17 12:48:57,15,5,19,Licorice
2025-03-17 12:48:57,24,8,26,Licorice
2025-03-17 12:48:57,24,8,26,Licorice
2025-03-17 12:48:57,19,9,18,Licorice
2025-03-17 12:48:57,18,8,17,Licorice
2025-03-17 12:48:57,16,11,19,Licorice
2025-03-17 12:48:57,21,8,20,Licorice
2025-03-17 12:48:57,24,11,28,Licorice
2025-03-17 12:48:57,16,8,21,Licorice
2025-03-17 12:48:57,18,8,17,Licorice
2025-03-17 12:48:57,12,10,24,Licorice
2025-03-17 12:48:57,21,8,24,Licorice
2025-03-17 12:48:57,16,8,23,Licorice
2025-03-17 12:48:57,19,6,25,Licorice
2025-03-17 12:48:57,16,8,23,Licorice
2025-03-17 12:48:57,18,7,25,Licorice
2025-03-17 12:48:57,22,7,22,Licorice
2025-03-17 12:48:57,25,10,27,Licorice
2025-03-17 12:48:57,22,9,26,Licorice
2025-03-17 12:48:57,17,9,20,Licorice
2025-03-17 12:48:57,17,9,24,Licorice
2025-03-17 12:48:57,15,9,24,Licorice
2025-03-17 12:48:58,17,9,20,Licorice
2025-03-17 12:48:58,24,9,23,Licorice
2025-03-17 12:48:58,24,9,19,Licorice
2025-03-17 12:48:58,14,9,19,Licorice
2025-03-17 12:48:58,21,8,18,Licorice
2025-03-17 12:48:58,18,11,19,Licorice
2025-03-17 12:48:58,21,8,24,Licorice
2025-03-17 12:48:58,22,9,28,Licorice
2025-03-17 12:48:58,17,9,20,Licorice
2025-03-17 12:48:58,20,5,20,Licorice
2025-03-17 12:48:58,15,10,18,Licorice
2025-03-17 12:48:58,15,6,22,Licorice
2025-03-17 12:48:58,17,9,26,Licorice
2025-03-17 12:48:58,21,8,18,Licorice
2025-03-17 12:48:58,19,6,25,Licorice
2025-03-17 12:48:58,17,10,16,Licorice
2025-03-17 12:48:58,15,6,22,Licorice
2025-03-17 12:48:58,19,7,19,Licorice
2025-03-17 12:48:58,18,6,14,Licorice
2025-03-17 12:48:58,15,7,14,Licorice
2025-03-17 12:48:58,17,5,17,Licorice
2025-03-17 12:48:58,21,4,12,Licorice
2025-03-17 12:48:58,18,6,14,Licorice
2025-03-17 12:48:58,20,6,16,Licorice
2025-03-17 12:48:58,17,6,8,Licorice
2025-03-17 12:48:58,17,7,11,Licorice
2025-03-17 12:48:58,21,4,10,Licorice
2025-03-17 12:48:58,49,35,36,Bistre
2025-03-17 12:48:58,99,70,59,Rose Ebony
2025-03-17 12:48:58,120,91,82,Pastel Brown
2025-03-17 12:48:59,139,105,97,Dark Chestnut
2025-03-17 12:48:59,144,109,96,Dark Chestnut
2025-03-17 12:48:59,142,109,96,Dark Chestnut
2025-03-17 12:48:59,142,111,93,Shadow
2025-03-17 12:48:59,135,103,95,Pastel Brown
2025-03-17 12:48:59,129,92,76,Raw Umber
2025-03-17 12:48:59,103,68,56,Deep Coffee
2025-03-17 12:48:59,99,60,62,Deep Coffee
2025-03-17 12:48:59,128,91,91,Rose Taupe
2025-03-17 12:48:59,129,83,85,Tuscan Red
2025-03-17 12:48:59,148,109,109,Copper Rose
2025-03-17 12:48:59,167,131,126,Cinereous
2025-03-17 12:48:59,176,133,129,Old Rose
2025-03-17 12:48:59,182,144,139,Rosy Brown
2025-03-17 12:48:59,190,145,139,Rosy Brown
2025-03-17 12:48:59,190,147,145,Rosy Brown
2025-03-17 12:48:59,169,138,130,Grullo
2025-03-17 12:48:59,148,115,106,Copper Rose
2025-03-17 12:48:59,134,96,85,Pastel Brown
2025-03-17 12:48:59,170,117,99,Blast-Off Bronze
2025-03-17 12:48:59,128,88,72,Raw Umber
2025-03-17 12:48:59,46,24,15,Seal Brown
2025-03-17 12:48:59,29,47,43,Medium Jungle Green
2025-03-17 12:48:59,0,23,8,Black
2025-03-17 12:48:59,0,41,1,Dark Green
2025-03-17 12:48:59,0,146,0,Islamic Green
2025-03-17 12:48:59,0,172,0,Islamic Green
2025-03-17 12:48:59,0,168,0,Islamic Green
2025-03-17 12:48:59,0,167,0,Islamic Green
2025-03-17 12:49:00,0,165,0,Islamic Green
2025-03-17 12:49:00,0,161,0,Islamic Green
2025-03-17 12:49:00,0,159,0,Islamic Green
2025-03-17 12:49:00,0,153,0,Islamic Green
2025-03-17 12:49:00,0,151,0,Islamic Green
2025-03-17 12:49:00,0,150,0,Islamic Green
2025-03-17 12:49:00,0,150,0,Islamic Green
2025-03-17 12:49:00,0,147,0,Islamic Green
2025-03-17 12:49:00,0,146,0,Islamic Green
2025-03-17 12:49:00,0,146,0,Islamic Green
2025-03-17 12:49:00,0,145,0,Islamic Green
2025-03-17 12:49:00,0,143,0,Islamic Green
2025-03-17 12:49:00,0,146,0,Islamic Green
2025-03-17 12:49:00,0,147,0,Islamic Green
2025-03-17 12:49:00,0,147,0,Islamic Green
2025-03-17 12:49:00,0,149,0,Islamic Green
2025-03-17 12:49:00,0,148,0,Islamic Green
2025-03-17 12:49:00,0,148,0,Islamic Green
2025-03-17 12:49:00,0,153,0,Islamic Green
2025-03-17 12:49:00,0,158,0,Islamic Green
2025-03-17 12:49:00,0,162,0,Islamic Green
2025-03-17 12:49:00,0,169,0,Islamic Green
2025-03-17 12:49:00,0,182,0,Islamic Green
2025-03-17 12:49:00,0,186,0,Islamic Green
2025-03-17 12:49:00,0,191,0,Islamic Green
2025-03-17 12:49:00,0,192,0,Islamic Green
2025-03-17 12:49:00,0,192,0,Islamic Green
2025-03-17 12:49:00,0,191,0,Islamic Green
2025-03-17 12:49:00,0,191,0,Islamic Green
2025-03-17 12:49:00,0,192,0,Islamic Green
2025-03-17 12:49:01,0,192,0,Islamic Green
2025-03-17 12:49:01,0,192,0,Islamic Green
2025-03-17 12:49:01,0,191,0,Islamic Green
2025-03-17 12:49:01,0,194,0,Islamic Green
2025-03-17 12:49:01,0,194,0,Islamic Green
2025-03-17 12:49:01,0,196,0,Islamic Green
2025-03-17 12:49:01,0,201,0,Lime (Web) (X11 Green)
2025-03-17 12:49:01,0,205,43,Dark Pastel Green
2025-03-17 12:49:01,0,201,3,Lime (Web) (X11 Green)
2025-03-17 12:49:01,0,196,0,Islamic Green
2025-03-17 12:49:01,0,198,0,Islamic Green
2025-03-17 12:49:01,0,196,0,Islamic Green
2025-03-17 12:49:01,0,196,0,Islamic Green
2025-03-17 12:49:01,0,194,0,Islamic Green
2025-03-17 12:49:01,0,189,0,Islamic Green
2025-03-17 12:49:01,0,182,0,Islamic Green
2025-03-17 12:49:01,0,170,0,Islamic Green
2025-03-17 12:49:01,0,157,0,Islamic Green
2025-03-17 12:49:01,0,135,0,Office Green
2025-03-17 12:49:01,0,115,0,Pakistan Green
2025-03-17 12:49:01,0,115,0,Pakistan Green
2025-03-17 12:49:01,0,106,0,Pakistan Green
2025-03-17 12:49:01,0,104,0,Pakistan Green
2025-03-17 12:49:01,0,105,0,Pakistan Green
2025-03-17 12:49:01,0,104,0,Pakistan Green
2025-03-17 12:49:01,0,104,0,Pakistan Green
2025-03-17 12:49:01,0,108,0,Pakistan Green
2025-03-17 12:49:01,0,109,0,Pakistan Green
2025-03-17 12:49:01,0,113,0,Pakistan Green
2025-03-17 12:49:01,0,117,0,Office Green
2025-03-17 12:49:01,0,121,0,Office Green
2025-03-17 12:49:02,0,121,0,Office Green
2025-03-17 12:49:02,0,129,0,Office Green
2025-03-17 12:49:02,0,132,0,Office Green
2025-03-17 12:49:02,0,129,0,Office Green
2025-03-17 12:49:02,0,130,0,Office Green
2025-03-17 12:49:02,0,135,0,Office Green
2025-03-17 12:49:02,0,143,0,Islamic Green
2025-03-17 12:49:02,0,150,0,Islamic Green
2025-03-17 12:49:02,0,164,0,Islamic Green
2025-03-17 12:49:02,0,170,0,Islamic Green
2025-03-17 12:49:02,0,170,0,Islamic Green
2025-03-17 12:49:02,0,179,0,Islamic Green
2025-03-17 12:49:02,0,186,0,Islamic Green
2025-03-17 12:49:02,0,184,0,Islamic Green
2025-03-17 12:49:02,0,183,0,Islamic Green
2025-03-17 12:49:02,0,183,0,Islamic Green
2025-03-17 12:49:02,0,181,0,Islamic Green
2025-03-17 12:49:02,0,178,0,Islamic Green
2025-03-17 12:49:02,0,176,0,Islamic Green
2025-03-17 12:49:02,0,174,0,Islamic Green
2025-03-17 12:49:02,0,167,0,Islamic Green
2025-03-17 12:49:02,0,167,0,Islamic Green
2025-03-17 12:49:02,0,166,0,Islamic Green
2025-03-17 12:49:02,0,166,0,Islamic Green
2025-03-17 12:49:02,0,163,0,Islamic Green
2025-03-17 12:49:02,0,165,0,Islamic Green
2025-03-17 12:49:02,0,162,0,Islamic Green
2025-03-17 12:49:02,0,161,0,Islamic Green
2025-03-17 12:49:02,0,167,0,Islamic Green
2025-03-17 12:49:03,0,169,0,Islamic Green
2025-03-17 12:49:03,0,173,0,Islamic Green
2025-03-17 12:49:03,0,170,0,Islamic Green
2025-03-17 12:49:03,0,170,0,Islamic Green
2025-03-17 12:49:03,0,165,0,Islamic Green
2025-03-17 12:49:03,0,164,0,Islamic Green
2025-03-17 12:49:03,0,162,0,Islamic Green
2025-03-17 12:49:03,0,161,0,Islamic Green
2025-03-17 12:49:03,0,159,0,Islamic Green
2025-03-17 12:49:03,0,160,0,Islamic Green
2025-03-17 12:49:03,0,164,0,Islamic Green
2025-03-17 12:49:03,0,160,0,Islamic Green
2025-03-17 12:49:03,0,156,0,Islamic Green
2025-03-17 12:49:03,0,156,0,Islamic Green
2025-03-17 12:49:03,0,147,0,Islamic Green
2025-03-17 12:49:03,0,140,0,Islamic Green
2025-03-17 12:49:03,0,135,0,Office Green
2025-03-17 12:49:03,0,136,0,Islamic Green
2025-03-17 12:49:03,0,133,0,Office Green
2025-03-17 12:49:03,0,131,0,Office Green
2025-03-17 12:49:03,0,132,0,Office Green
2025-03-17 12:49:03,0,134,0,Office Green
2025-03-17 12:49:03,0,129,0,Office Green
2025-03-17 12:49:03,0,131,0,Office Green
2025-03-17 12:49:03,0,131,0,Office Green
2025-03-17 12:49:03,0,128,0,Office Green
2025-03-17 12:49:03,0,130,0,Office Green
2025-03-17 12:49:03,0,130,0,Office Green
2025-03-17 12:49:03,0,132,0,Office Green
2025-03-17 12:49:03,0,132,0,Office Green
2025-03-17 12:49:03,0,133,0,Office Green
2025-03-17 12:49:04,0,135,0,Office Green
2025-03-17 12:49:04,0,134,0,Office Green
2025-03-17 12:49:04,0,134,0,Office Green
2025-03-17 12:49:04,0,134,0,Office Green
2025-03-17 12:49:04,0,134,0,Office Green
2025-03-17 12:49:04,0,134,0,Office Green
2025-03-17 12:49:04,0,134,0,Office Green
2025-03-17 12:49:04,0,135,0,Office Green
2025-03-17 12:49:04,0,133,0,Office Green
2025-03-17 12:49:04,0,134,0,Office Green
2025-03-17 12:49:04,0,134,0,Office Green
2025-03-17 12:49:04,0,136,0,Islamic Green
2025-03-17 12:49:04,0,136,0,Islamic Green
2025-03-17 12:49:04,0,136,0,Islamic Green
2025-03-17 12:49:04,0,134,0,Office Green
2025-03-17 12:49:04,0,135,0,Office Green
2025-03-17 12:49:04,0,135,0,Office Green
2025-03-17 12:49:04,0,135,0,Office Green
2025-03-17 12:49:04,0,136,0,Islamic Green
2025-03-17 12:49:04,0,136,0,Islamic Green
2025-03-17 12:49:04,0,139,0,Islamic Green
2025-03-17 12:49:04,0,139,0,Islamic Green
2025-03-17 12:49:04,0,138,0,Islamic Green
2025-03-17 12:49:04,0,140,0,Islamic Green
2025-03-17 12:49:04,0,136,0,Islamic Green
2025-03-17 12:49:04,0,138,8,Islamic Green
2025-03-17 12:49:04,0,48,0,Dark Green
2025-03-17 12:49:04,0,31,13,Dark Green
2025-03-17 12:49:04,29,60,48,Medium Jungle Green
2025-03-17 12:49:04,25,45,43,Medium Jungle Green
2025-03-17 12:49:05,23,29,18,Licorice
2025-03-17 12:49:05,24,27,21,Licorice
2025-03-17 12:49:05,36,25,18,Licorice
2025-03-17 12:49:05,38,25,12,Zinnwaldite Brown
2025-03-17 12:49:05,48,26,22,Seal Brown
2025-03-17 12:49:05,48,30,30,Seal Brown
2025-03-17 12:49:05,45,24,31,Seal Brown
2025-03-17 12:49:05,42,28,31,Seal Brown
2025-03-17 12:49:05,45,28,45,Dark Jungle Green
2025-03-17 12:49:05,48,31,39,Bistre
2025-03-17 12:49:05,33,22,18,Licorice
2025-03-17 12:49:05,30,22,29,Licorice
2025-03-17 12:49:05,22,19,26,Licorice
2025-03-17 12:49:05,30,14,20,Licorice
2025-03-17 12:49:05,25,13,18,Licorice
2025-03-17 12:49:05,20,18,17,Licorice
2025-03-17 12:49:05,33,14,27,Licorice
2025-03-17 12:49:05,25,18,24,Licorice
2025-03-17 12:49:05,29,22,25,Licorice
2025-03-17 12:49:05,27,22,25,Licorice
2025-03-17 12:49:05,23,32,39,Dark Jungle Green
2025-03-17 12:49:05,44,32,35,Dark Jungle Green
2025-03-17 12:49:05,40,37,43,Dark Jungle Green
2025-03-17 12:49:05,35,39,41,Dark Jungle Green
2025-03-17 12:49:05,40,39,44,Black Leather Jacket
2025-03-17 12:49:05,55,50,55,Onyx
2025-03-17 12:49:05,60,57,69,Arsenic
2025-03-17 12:49:05,51,60,62,Onyx
2025-03-17 12:49:05,64,73,71,Outer Space
2025-03-17 12:49:05,73,75,75,Outer Space
2025-03-17 12:49:06,77,81,89,Davy'S Grey
2025-03-17 12:49:06,69,80,84,Outer Space
2025-03-17 12:49:06,67,81,82,Outer Space
2025-03-17 12:49:06,72,85,87,Davy'S Grey
2025-03-17 12:49:06,61,85,79,Outer Space
2025-03-17 12:49:06,71,82,87,Davy'S Grey
2025-03-17 12:49:06,64,76,78,Outer Space
2025-03-17 12:49:06,70,74,82,Outer Space
2025-03-17 12:49:06,81,78,86,Davy'S Grey
2025-03-17 12:49:06,69,80,82,Outer Space
2025-03-17 12:49:06,73,78,81,Quartz
2025-03-17 12:49:06,70,69,76,Outer Space
2025-03-17 12:49:06,61,77,75,Outer Space
2025-03-17 12:49:06,71,70,79,Outer Space
2025-03-17 12:49:06,59,70,72,Arsenic
2025-03-17 12:49:06,79,76,81,Quartz
2025-03-17 12:49:06,64,77,83,Outer Space
2025-03-17 12:49:06,73,83,78,Gray-Asparagus
2025-03-17 12:49:06,22,62,48,Medium Jungle Green
2025-03-17 12:49:06,0,181,0,Islamic Green
2025-03-17 12:49:06,0,196,0,Islamic Green
2025-03-17 12:49:06,0,198,0,Islamic Green
2025-03-17 12:49:06,0,198,0,Islamic Green
2025-03-17 12:49:06,0,199,0,Islamic Green
2025-03-17 12:49:06,0,197,0,Islamic Green
2025-03-17 12:49:06,0,191,0,Islamic Green
2025-03-17 12:49:06,17,52,44,Phthalo Green
2025-03-17 12:49:06,24,32,46,Dark Jungle Green
2025-03-17 12:49:06,35,38,51,Medium Jungle Green
2025-03-17 12:49:07,40,36,53,Black Leather Jacket
2025-03-17 12:49:07,41,39,56,Onyx
2025-03-17 12:49:07,38,33,57,Medium Jungle Green
2025-03-17 12:49:07,44,38,62,Onyx
2025-03-17 12:49:07,39,34,63,Onyx
2025-03-17 12:49:07,33,35,57,Medium Jungle Green
2025-03-17 12:49:07,38,34,51,Dark Jungle Green
2025-03-17 12:49:07,30,31,46,Dark Jungle Green
2025-03-17 12:49:07,95,79,87,Wenge
2025-03-17 12:49:07,197,142,141,Rosy Brown
2025-03-17 12:49:07,183,127,120,Old Rose
2025-03-17 12:49:07,165,109,95,Blast-Off Bronze
2025-03-17 12:49:07,148,102,85,Dark Chestnut
2025-03-17 12:49:07,112,70,57,Coffee
2025-03-17 12:49:07,51,27,19,Seal Brown
2025-03-17 12:49:07,46,59,70,Onyx
2025-03-17 12:49:07,5,25,27,Dark Jungle Green
2025-03-17 12:49:07,0,16,4,Black
2025-03-17 12:49:07,6,45,36,Dark Green
2025-03-17 12:49:07,0,40,10,Dark Green
2025-03-17 12:49:07,0,90,0,Pakistan Green
2025-03-17 12:49:07,0,172,0,Islamic Green
2025-03-17 12:49:07,0,176,0,Islamic Green
2025-03-17 12:49:07,0,178,0,Islamic Green
2025-03-17 12:49:07,0,179,0,Islamic Green
2025-03-17 12:49:07,0,179,0,Islamic Green
2025-03-17 12:49:07,0,175,0,Islamic Green
2025-03-17 12:49:07,0,173,0,Islamic Green
2025-03-17 12:49:07,0,170,0,Islamic Green
2025-03-17 12:49:07,0,170,0,Islamic Green
2025-03-17 12:49:07,0,166,0,Islamic Green
2025-03-17 12:49:08,0,161,0,Islamic Green
2025-03-17 12:49:08,0,157,0,Islamic Green
2025-03-17 12:49:08,0,157,0,Islamic Green
2025-03-17 12:49:08,0,148,0,Islamic Green
2025-03-17 12:49:08,0,148,0,Islamic Green
2025-03-17 12:49:08,0,144,0,Islamic Green
2025-03-17 12:49:08,0,142,0,Islamic Green
2025-03-17 12:49:08,0,142,0,Islamic Green
2025-03-17 12:49:08,0,141,0,Islamic Green
2025-03-17 12:49:08,0,137,0,Islamic Green
2025-03-17 12:49:08,0,140,0,Islamic Green
2025-03-17 12:49:08,0,143,0,Islamic Green
2025-03-17 12:49:08,0,139,0,Islamic Green
2025-03-17 12:49:08,0,139,0,Islamic Green
2025-03-17 12:49:08,0,133,0,Office Green
2025-03-17 12:49:08,0,148,0,Islamic Green
2025-03-17 12:49:08,0,161,0,Islamic Green
2025-03-17 12:49:08,0,170,0,Islamic Green
2025-03-17 12:49:08,0,178,0,Islamic Green
2025-03-17 12:49:08,0,185,0,Islamic Green
2025-03-17 12:49:08,0,186,0,Islamic Green
2025-03-17 12:49:08,0,190,0,Islamic Green
2025-03-17 12:49:08,0,191,0,Islamic Green
2025-03-17 12:49:08,0,191,0,Islamic Green
2025-03-17 12:49:08,0,192,0,Islamic Green
2025-03-17 12:49:08,0,197,0,Islamic Green
2025-03-17 12:49:08,0,193,0,Islamic Green
2025-03-17 12:49:08,0,191,0,Islamic Green
2025-03-17 12:49:08,0,190,0,Islamic Green
2025-03-17 12:49:09,0,190,0,Islamic Green
2025-03-17 12:49:09,0,189,0,Islamic Green
2025-03-17 12:49:09,0,186,0,Islamic Green
2025-03-17 12:49:09,0,190,0,Islamic Green
2025-03-17 12:49:09,0,189,0,Islamic Green
2025-03-17 12:49:09,0,189,0,Islamic Green
2025-03-17 12:49:09,0,187,0,Islamic Green
2025-03-17 12:49:09,0,189,0,Islamic Green
2025-03-17 12:49:09,0,189,0,Islamic Green
2025-03-17 12:49:09,0,186,0,Islamic Green
2025-03-17 12:49:09,0,185,0,Islamic Green
2025-03-17 12:49:09,0,186,0,Islamic Green
2025-03-17 12:49:09,0,186,0,Islamic Green
2025-03-17 12:49:09,0,185,0,Islamic Green
2025-03-17 12:49:09,0,186,0,Islamic Green
2025-03-17 12:49:09,0,186,0,Islamic Green
2025-03-17 12:49:09,0,186,0,Islamic Green
2025-03-17 12:49:09,0,185,0,Islamic Green
2025-03-17 12:49:09,0,186,0,Islamic Green
2025-03-17 12:49:09,0,186,0,Islamic Green
2025-03-17 12:49:09,0,186,0,Islamic Green
2025-03-17 12:49:09,0,184,0,Islamic Green
2025-03-17 12:49:09,0,186,0,Islamic Green
2025-03-17 12:49:09,0,184,0,Islamic Green
2025-03-17 12:49:09,0,186,0,Islamic Green
2025-03-17 12:49:09,0,184,0,Islamic Green
2025-03-17 12:49:09,0,184,0,Islamic Green
2025-03-17 12:49:09,0,184,0,Islamic Green
2025-03-17 12:49:09,0,184,0,Islamic Green
2025-03-17 12:49:09,0,184,0,Islamic Green
2025-03-17 12:49:09,0,184,0,Islamic Green
2025-03-17 12:49:10,0,184,0,Islamic Green
2025-03-17 12:49:10,0,184,0,Islamic Green
2025-03-17 12:49:10,0,184,0,Islamic Green
2025-03-17 12:49:10,0,189,0,Islamic Green
2025-03-17 12:49:10,0,186,0,Islamic Green
2025-03-17 12:49:10,0,186,0,Islamic Green
2025-03-17 12:49:10,0,186,0,Islamic Green
2025-03-17 12:49:10,0,182,0,Islamic Green
2025-03-17 12:49:10,0,174,0,Islamic Green
2025-03-17 12:49:10,0,154,0,Islamic Green
2025-03-17 12:49:10,0,127,0,Office Green
2025-03-17 12:49:10,0,104,0,Pakistan Green
2025-03-17 12:49:10,0,89,0,Pakistan Green
2025-03-17 12:49:10,0,84,0,Pakistan Green
2025-03-17 12:49:10,0,86,0,Pakistan Green
2025-03-17 12:49:10,0,93,0,Pakistan Green
2025-03-17 12:49:10,0,99,0,Pakistan Green
2025-03-17 12:49:10,0,99,0,Pakistan Green
2025-03-17 12:49:10,0,109,0,Pakistan Green
2025-03-17 12:49:10,0,114,0,Pakistan Green
2025-03-17 12:49:10,0,118,0,Office Green
2025-03-17 12:49:10,0,121,0,Office Green
2025-03-17 12:49:10,0,125,0,Office Green
2025-03-17 12:49:10,0,126,0,Office Green
2025-03-17 12:49:10,0,128,0,Office Green
2025-03-17 12:49:10,0,130,0,Office Green
2025-03-17 12:49:10,0,130,0,Office Green
2025-03-17 12:49:10,0,131,0,Office Green
2025-03-17 12:49:10,0,133,0,Office Green
2025-03-17 12:49:10,0,134,0,Office Green
2025-03-17 12:49:11,0,138,0,Islamic Green
2025-03-17 12:49:11,0,141,0,Islamic Green
2025-03-17 12:49:11,0,144,0,Islamic Green
2025-03-17 12:49:11,0,150,0,Islamic Green
2025-03-17 12:49:11,0,151,0,Islamic Green
2025-03-17 12:49:11,0,154,0,Islamic Green
2025-03-17 12:49:11,0,161,0,Islamic Green
2025-03-17 12:49:11,0,165,0,Islamic Green
2025-03-17 12:49:11,0,163,0,Islamic Green
2025-03-17 12:49:11,0,162,0,Islamic Green
2025-03-17 12:49:11,0,161,0,Islamic Green
2025-03-17 12:49:11,0,161,0,Islamic Green
2025-03-17 12:49:11,0,158,0,Islamic Green
2025-03-17 12:49:11,0,153,0,Islamic Green
2025-03-17 12:49:11,0,150,0,Islamic Green
2025-03-17 12:49:11,0,150,0,Islamic Green
2025-03-17 12:49:11,0,149,0,Islamic Green
2025-03-17 12:49:11,0,155,0,Islamic Green
2025-03-17 12:49:11,0,155,0,Islamic Green
2025-03-17 12:49:11,0,158,0,Islamic Green
2025-03-17 12:49:11,0,158,0,Islamic Green
2025-03-17 12:49:11,0,159,0,Islamic Green
2025-03-17 12:49:11,0,158,0,Islamic Green
2025-03-17 12:49:11,0,160,0,Islamic Green
2025-03-17 12:49:11,0,161,0,Islamic Green
2025-03-17 12:49:11,0,162,0,Islamic Green
2025-03-17 12:49:11,0,160,0,Islamic Green
2025-03-17 12:49:11,0,161,0,Islamic Green
2025-03-17 12:49:11,0,159,0,Islamic Green
2025-03-17 12:49:11,0,160,0,Islamic Green
2025-03-17 12:49:12,0,159,0,Islamic Green
2025-03-17 12:49:12,0,160,0,Islamic Green
2025-03-17 12:49:12,0,154,0,Islamic Green
2025-03-17 12:49:12,0,155,0,Islamic Green
2025-03-17 12:49:12,0,150,0,Islamic Green
2025-03-17 12:49:12,0,147,0,Islamic Green
2025-03-17 12:49:12,0,147,0,Islamic Green
2025-03-17 12:49:12,0,147,0,Islamic Green
2025-03-17 12:49:12,0,147,0,Islamic Green
2025-03-17 12:49:12,0,146,0,Islamic Green
2025-03-17 12:49:12,0,146,0,Islamic Green
2025-03-17 12:49:12,0,151,0,Islamic Green
2025-03-17 12:49:12,0,150,0,Islamic Green
2025-03-17 12:49:12,0,153,0,Islamic Green
2025-03-17 12:49:12,0,156,0,Islamic Green
2025-03-17 12:49:12,0,158,0,Islamic Green
2025-03-17 12:49:12,0,154,0,Islamic Green
2025-03-17 12:49:12,0,154,0,Islamic Green
2025-03-17 12:49:12,0,157,0,Islamic Green
2025-03-17 12:49:12,0,160,0,Islamic Green
2025-03-17 12:49:12,0,167,0,Islamic Green
2025-03-17 12:49:12,0,175,0,Islamic Green
2025-03-17 12:49:12,0,182,0,Islamic Green
2025-03-17 12:49:12,0,183,0,Islamic Green
2025-03-17 12:49:12,0,183,0,Islamic Green
2025-03-17 12:49:12,0,185,0,Islamic Green
2025-03-17 12:49:12,0,188,0,Islamic Green
2025-03-17 12:49:12,0,189,0,Islamic Green
2025-03-17 12:49:12,0,189,0,Islamic Green
2025-03-17 12:49:12,0,191,0,Islamic Green
2025-03-17 12:49:13,0,190,0,Islamic Green
2025-03-17 12:49:13,0,186,0,Islamic Green
2025-03-17 12:49:13,0,186,0,Islamic Green
2025-03-17 12:49:13,0,182,0,Islamic Green
2025-03-17 12:49:13,0,175,0,Islamic Green
2025-03-17 12:49:13,0,162,0,Islamic Green
2025-03-17 12:49:13,0,141,0,Islamic Green
2025-03-17 12:49:13,0,121,0,Office Green
2025-03-17 12:49:13,0,114,0,Pakistan Green
2025-03-17 12:49:13,0,114,0,Pakistan Green
2025-03-17 12:49:13,0,110,0,Pakistan Green
2025-03-17 12:49:13,0,109,0,Pakistan Green
2025-03-17 12:49:13,0,111,0,Pakistan Green
2025-03-17 12:49:13,0,110,0,Pakistan Green
2025-03-17 12:49:13,0,110,0,Pakistan Green
2025-03-17 12:49:13,0,113,0,Pakistan Green
2025-03-17 12:49:13,0,115,0,Pakistan Green
2025-03-17 12:49:13,0,114,0,Pakistan Green
2025-03-17 12:49:13,0,115,0,Pakistan Green
2025-03-17 12:49:13,0,116,0,Office Green
2025-03-17 12:49:13,0,118,0,Office Green
2025-03-17 12:49:13,0,116,0,Office Green
2025-03-17 12:49:13,0,116,0,Office Green
2025-03-17 12:49:13,0,120,0,Office Green
2025-03-17 12:49:13,0,127,0,Office Green
2025-03-17 12:49:13,0,131,0,Office Green
2025-03-17 12:49:13,0,137,0,Islamic Green
2025-03-17 12:49:13,0,143,0,Islamic Green
2025-03-17 12:49:13,0,144,0,Islamic Green
2025-03-17 12:49:13,0,151,0,Islamic Green
2025-03-17 12:49:14,0,157,0,Islamic Green
2025-03-17 12:49:14,0,157,0,Islamic Green
2025-03-17 12:49:14,0,152,0,Islamic Green
2025-03-17 12:49:14,0,151,0,Islamic Green
2025-03-17 12:49:14,0,151,0,Islamic Green
2025-03-17 12:49:14,0,147,0,Islamic Green
2025-03-17 12:49:14,0,143,0,Islamic Green
2025-03-17 12:49:14,0,134,0,Office Green
2025-03-17 12:49:14,0,127,0,Office Green
2025-03-17 12:49:14,0,123,0,Office Green
2025-03-17 12:49:14,0,121,0,Office Green
2025-03-17 12:49:14,0,119,0,Office Green
2025-03-17 12:49:14,0,121,0,Office Green
2025-03-17 12:49:14,0,120,0,Office Green
2025-03-17 12:49:14,0,118,0,Office Green
2025-03-17 12:49:14,0,116,0,Office Green
2025-03-17 12:49:14,0,119,0,Office Green
2025-03-17 12:49:14,0,121,0,Office Green
2025-03-17 12:49:14,0,119,0,Office Green
2025-03-17 12:49:14,0,119,0,Office Green
2025-03-17 12:49:14,0,121,0,Office Green
2025-03-17 12:49:14,0,121,0,Office Green
2025-03-17 12:49:14,0,129,0,Office Green
2025-03-17 12:49:14,0,128,0,Office Green
2025-03-17 12:49:14,0,128,0,Office Green
2025-03-17 12:49:14,0,128,0,Office Green
2025-03-17 12:49:14,0,130,0,Office Green
2025-03-17 12:49:14,0,130,0,Office Green
2025-03-17 12:49:14,0,129,0,Office Green
2025-03-17 12:49:15,0,130,0,Office Green
2025-03-17 12:49:15,0,130,0,Office Green
2025-03-17 12:49:15,0,130,0,Office Green
2025-03-17 12:49:15,0,133,0,Office Green
2025-03-17 12:49:15,0,134,0,Office Green
2025-03-17 12:49:15,0,132,0,Office Green
2025-03-17 12:49:15,0,135,0,Office Green
2025-03-17 12:49:15,0,135,0,Office Green
2025-03-17 12:49:15,0,134,0,Office Green
2025-03-17 12:49:15,0,133,0,Office Green
2025-03-17 12:49:15,0,132,0,Office Green
2025-03-17 12:49:15,0,132,0,Office Green
2025-03-17 12:49:15,0,134,0,Office Green
2025-03-17 12:49:15,0,135,0,Office Green
2025-03-17 12:49:15,0,133,0,Office Green
2025-03-17 12:49:15,0,135,0,Office Green
2025-03-17 12:49:15,0,145,0,Islamic Green
2025-03-17 12:49:15,0,151,0,Islamic Green
2025-03-17 12:49:15,0,151,0,Islamic Green
2025-03-17 12:49:15,0,160,0,Islamic Green
2025-03-17 12:49:15,0,175,0,Islamic Green
2025-03-17 12:49:15,0,185,0,Islamic Green
2025-03-17 12:49:15,0,185,0,Islamic Green
2025-03-17 12:49:15,0,181,0,Islamic Green
2025-03-17 12:49:15,0,178,0,Islamic Green
2025-03-17 12:49:15,0,175,0,Islamic Green
2025-03-17 12:49:15,0,175,0,Islamic Green
2025-03-17 12:49:15,0,175,0,Islamic Green
2025-03-17 12:49:15,0,175,0,Islamic Green
2025-03-17 12:49:15,0,172,0,Islamic Green
2025-03-17 12:49:15,0,168,0,Islamic Green
2025-03-17 12:49:16,0,164,0,Islamic Green
2025-03-17 12:49:16,0,166,0,Islamic Green
2025-03-17 12:49:16,0,165,0,Islamic Green
2025-03-17 12:49:16,0,160,0,Islamic Green
2025-03-17 12:49:16,0,160,0,Islamic Green
2025-03-17 12:49:16,0,163,0,Islamic Green
2025-03-17 12:49:16,0,163,0,Islamic Green
2025-03-17 12:49:16,0,165,0,Islamic Green
2025-03-17 12:49:16,0,165,0,Islamic Green
2025-03-17 12:49:16,0,168,0,Islamic Green
2025-03-17 12:49:16,0,173,0,Islamic Green
2025-03-17 12:49:16,0,176,0,Islamic Green
2025-03-17 12:49:16,0,178,0,Islamic Green
2025-03-17 12:49:16,0,179,0,Islamic Green
2025-03-17 12:49:16,0,183,0,Islamic Green
2025-03-17 12:49:16,0,185,0,Islamic Green
2025-03-17 12:49:16,0,186,0,Islamic Green
2025-03-17 12:49:16,0,188,0,Islamic Green
2025-03-17 12:49:16,0,186,0,Islamic Green
2025-03-17 12:49:16,0,186,0,Islamic Green
2025-03-17 12:49:16,0,185,0,Islamic Green
2025-03-17 12:49:16,0,187,0,Islamic Green
2025-03-17 12:49:16,0,191,56,Dark Pastel Green
2025-03-17 12:49:16,0,74,37,Up Forest Green
2025-03-17 12:49:16,1,36,32,Dark Green
2025-03-17 12:49:16,41,56,66,Onyx
2025-03-17 12:49:16,54,50,67,Onyx
2025-03-17 12:49:16,151,145,139,Taupe Gray
2025-03-17 12:49:16,178,167,165,Rose Quartz
2025-03-17 12:49:16,178,167,165,Rose Quartz
2025-03-17 12:49:17,177,165,170,Rose Quartz
2025-03-17 12:49:17,172,165,162,Rose Quartz
2025-03-17 12:49:17,177,165,163,Rose Quartz
2025-03-17 12:49:17,171,164,161,Rose Quartz
2025-03-17 12:49:17,181,165,167,Rose Quartz
2025-03-17 12:49:17,139,117,111,Bazaar
2025-03-17 12:49:17,162,112,112,Copper Penny
2025-03-17 12:49:17,170,116,112,Copper Penny
2025-03-17 12:49:17,175,119,114,Copper Penny
2025-03-17 12:49:17,179,122,123,Turkish Rose
2025-03-17 12:49:17,183,127,124,Old Rose
2025-03-17 12:49:17,189,137,135,Rosy Brown
2025-03-17 12:49:17,196,143,146,Rosy Brown
2025-03-17 12:49:17,190,144,145,Rosy Brown
2025-03-17 12:49:17,172,154,149,Grullo
2025-03-17 12:49:17,183,169,172,Rose Quartz
2025-03-17 12:49:17,183,169,172,Rose Quartz
2025-03-17 12:49:17,178,166,175,Rose Quartz
2025-03-17 12:49:17,179,159,168,Rose Quartz
2025-03-17 12:49:17,130,112,135,Trolley Grey
2025-03-17 12:49:17,57,43,71,Onyx
2025-03-17 12:49:17,53,44,71,Onyx
2025-03-17 12:49:17,50,44,66,Onyx
2025-03-17 12:49:17,43,38,62,Onyx
2025-03-17 12:49:17,43,37,57,Onyx
2025-03-17 12:49:17,40,36,60,Onyx
2025-03-17 12:49:17,49,33,62,Onyx
2025-03-17 12:49:17,43,32,57,Onyx
2025-03-17 12:49:17,32,25,51,Dark Jungle Green
2025-03-17 12:49:17,32,28,47,Dark Jungle Green
2025-03-17 12:49:18,40,26,55,Dark Jungle Green
2025-03-17 12:49:18,45,36,61,Onyx
2025-03-17 12:49:18,46,38,56,Onyx
2025-03-17 12:49:18,35,38,57,Medium Jungle Green
2025-03-17 12:49:18,41,37,61,Onyx
2025-03-17 12:49:18,53,37,55,Onyx
2025-03-17 12:49:18,135,101,100,Rose Taupe
2025-03-17 12:49:18,182,140,129,Old Rose
2025-03-17 12:49:18,188,150,140,Rosy Brown
2025-03-17 12:49:18,193,160,156,Khaki (Html/Css) (Khaki)
2025-03-17 12:49:18,199,163,157,Khaki (Html/Css) (Khaki)
2025-03-17 12:49:18,198,159,161,Pastel Pink
2025-03-17 12:49:18,204,160,166,Pastel Pink
2025-03-17 12:49:18,198,171,169,Pale Chestnut
2025-03-17 12:49:18,184,148,142,Rosy Brown
2025-03-17 12:49:18,187,143,132,Rosy Brown
2025-03-17 12:49:18,179,139,128,Old Rose
2025-03-17 12:49:18,174,127,117,Beaver
2025-03-17 12:49:18,173,125,120,Beaver
2025-03-17 12:49:18,175,124,111,Copper Penny
2025-03-17 12:49:18,180,145,132,Rosy Brown
2025-03-17 12:49:18,79,67,56,Taupe
2025-03-17 12:49:18,17,31,30,Dark Jungle Green
2025-03-17 12:49:18,11,18,16,Licorice
2025-03-17 12:49:18,5,22,9,Licorice
2025-03-17 12:49:18,17,19,21,Licorice
2025-03-17 12:49:18,3,19,11,Licorice
2025-03-17 12:49:18,12,11,14,Licorice
2025-03-17 12:49:18,17,21,32,Dark Jungle Green
2025-03-17 12:49:18,59,52,56,Onyx
2025-03-17 12:49:19,133,98,88,Pastel Brown
2025-03-17 12:49:19,172,128,113,Beaver
2025-03-17 12:49:19,179,134,126,Old Rose
2025-03-17 12:49:19,180,136,125,Old Rose
2025-03-17 12:49:19,178,133,125,Old Rose
2025-03-17 12:49:19,169,131,124,Beaver
2025-03-17 12:49:19,178,133,125,Old Rose
2025-03-17 12:49:19,175,137,125,Light Taupe
2025-03-17 12:49:19,184,137,128,Old Rose
2025-03-17 12:49:19,182,140,129,Old Rose
2025-03-17 12:49:19,190,144,129,Rosy Brown
2025-03-17 12:49:19,175,140,130,Grullo
2025-03-17 12:49:19,178,140,133,Rosy Brown
2025-03-17 12:49:19,181,139,123,Light Taupe
2025-03-17 12:49:19,171,134,118,Light Taupe
2025-03-17 12:49:19,171,131,115,Beaver
2025-03-17 12:49:19,165,125,114,Beaver
2025-03-17 12:49:19,155,118,101,Blast-Off Bronze
2025-03-17 12:49:19,144,111,103,Dark Chestnut
2025-03-17 12:49:19,148,111,94,Dark Chestnut
2025-03-17 12:49:19,150,114,104,Dark Chestnut
2025-03-17 12:49:19,148,115,102,Dark Chestnut
2025-03-17 12:49:19,145,109,102,Dark Chestnut
2025-03-17 12:49:19,137,106,93,Pastel Brown
2025-03-17 12:49:19,136,105,94,Pastel Brown
2025-03-17 12:49:19,132,99,88,Pastel Brown
2025-03-17 12:49:19,120,87,76,Tuscan Red
2025-03-17 12:49:19,126,96,82,Pastel Brown
2025-03-17 12:49:19,89,62,57,Taupe
2025-03-17 12:49:20,14,8,21,Licorice
2025-03-17 12:49:20,17,6,22,Licorice
2025-03-17 12:49:20,12,4,20,Licorice
2025-03-17 12:49:20,10,2,15,Black
2025-03-17 12:49:20,8,0,15,Black
2025-03-17 12:49:20,4,0,2,Black
2025-03-17 12:49:20,5,0,8,Black
2025-03-17 12:49:20,2,0,6,Black
2025-03-17 12:49:20,3,0,10,Black
2025-03-17 12:49:20,2,0,6,Black
2025-03-17 12:49:20,9,6,9,Black
2025-03-17 12:49:20,4,0,15,Black
2025-03-17 12:49:20,15,3,12,Licorice
2025-03-17 12:49:20,13,7,20,Licorice
2025-03-17 12:49:20,15,7,20,Licorice
2025-03-17 12:49:20,8,3,11,Black
2025-03-17 12:49:20,0,0,4,Black
2025-03-17 12:49:20,2,0,6,Black
2025-03-17 12:49:20,4,0,6,Black
2025-03-17 12:49:20,5,0,8,Black
2025-03-17 12:49:20,4,0,6,Black
2025-03-17 12:49:20,3,0,10,Black
2025-03-17 12:49:20,9,6,13,Black
2025-03-17 12:49:20,8,7,21,Licorice
2025-03-17 12:49:20,11,5,20,Licorice
2025-03-17 12:49:20,4,1,15,Black
2025-03-17 12:49:20,5,0,12,Black
2025-03-17 12:49:20,7,6,22,Licorice
2025-03-17 12:49:20,16,3,22,Licorice
2025-03-17 12:49:20,8,0,8,Black
2025-03-17 12:49:21,2,0,4,Black
2025-03-17 12:49:21,8,0,12,Black
2025-03-17 12:49:21,9,0,6,Black
2025-03-17 12:49:21,4,0,8,Black
2025-03-17 12:49:21,10,0,3,Black
2025-03-17 12:49:21,14,2,9,Black
2025-03-17 12:49:21,12,2,11,Black
2025-03-17 12:49:21,6,4,11,Black
2025-03-17 12:49:21,11,0,9,Black
2025-03-17 12:49:21,11,0,9,Black
2025-03-17 12:49:21,2,1,13,Black
2025-03-17 12:49:21,6,1,9,Black
2025-03-17 12:49:21,6,0,11,Black
2025-03-17 12:49:21,4,0,11,Black
2025-03-17 12:49:21,4,0,8,Black
2025-03-17 12:49:21,0,0,6,Black
2025-03-17 12:49:21,8,0,8,Black
2025-03-17 12:49:21,0,0,8,Black
2025-03-17 12:49:21,3,0,8,Black
2025-03-17 12:49:21,5,0,8,Black
2025-03-17 12:49:21,5,0,8,Black
2025-03-17 12:49:21,9,0,11,Black
2025-03-17 12:49:21,3,0,14,Black
2025-03-17 12:49:21,11,0,6,Black
2025-03-17 12:49:21,12,4,18,Licorice
2025-03-17 12:49:21,8,3,15,Black
2025-03-17 12:49:21,2,0,6,Black
2025-03-17 12:49:21,7,0,12,Black
2025-03-17 12:49:21,10,0,7,Black
2025-03-17 12:49:21,8,2,19,Black
2025-03-17 12:49:22,8,0,15,Black
2025-03-17 12:49:22,8,0,15,Black
2025-03-17 12:49:22,11,3,19,Licorice
2025-03-17 12:49:22,10,2,11,Black
2025-03-17 12:49:22,0,0,14,Black
2025-03-17 12:49:22,7,0,8,Black
2025-03-17 12:49:22,5,0,8,Black
2025-03-17 12:49:22,0,0,13,Black
2025-03-17 12:49:22,2,0,6,Black
2025-03-17 12:49:22,5,0,6,Black
2025-03-17 12:49:22,4,0,6,Black
2025-03-17 12:49:22,4,0,6,Black
2025-03-17 12:49:22,5,0,8,Black
2025-03-17 12:49:22,9,0,6,Black
2025-03-17 12:49:22,3,0,12,Black
2025-03-17 12:49:22,3,0,8,Black
2025-03-17 12:49:22,4,0,11,Black
2025-03-17 12:49:22,4,0,4,Black
2025-03-17 12:49:22,9,0,11,Black
2025-03-17 12:49:22,5,0,8,Black
2025-03-17 12:49:22,2,0,6,Black
2025-03-17 12:49:22,5,0,4,Black
2025-03-17 12:49:22,5,0,4,Black
2025-03-17 12:49:22,0,0,6,Black
2025-03-17 12:49:22,8,0,13,Black
2025-03-17 12:49:22,0,0,11,Black
2025-03-17 12:49:22,12,5,13,Black
2025-03-17 12:49:22,6,4,11,Black
2025-03-17 12:49:22,8,4,16,Black
2025-03-17 12:49:22,6,0,15,Black
2025-03-17 12:49:23,10,2,13,Black
2025-03-17 12:49:23,8,2,17,Black
2025-03-17 12:49:23,9,4,12,Black
2025-03-17 12:49:23,9,4,12,Black
2025-03-17 12:49:23,8,2,17,Black
2025-03-17 12:49:23,5,0,12,Black
2025-03-17 12:49:23,4,1,7,Black
2025-03-17 12:49:23,3,0,14,Black
2025-03-17 12:49:23,5,0,11,Black
2025-03-17 12:49:23,0,0,13,Black
2025-03-17 12:49:23,0,0,8,Black
2025-03-17 12:49:23,15,5,21,Licorice
2025-03-17 12:49:23,9,4,19,Licorice
2025-03-17 12:49:23,9,4,19,Licorice
2025-03-17 12:49:23,12,4,22,Licorice
2025-03-17 12:49:23,13,7,22,Licorice
2025-03-17 12:49:23,11,3,16,Black
2025-03-17 12:49:23,8,0,9,Black
2025-03-17 12:49:23,4,0,11,Black
2025-03-17 12:49:23,0,0,6,Black
2025-03-17 12:49:23,5,0,6,Black
2025-03-17 12:49:23,5,0,8,Black
2025-03-17 12:49:23,7,6,18,Black
2025-03-17 12:49:23,8,4,16,Black
2025-03-17 12:49:23,8,4,16,Black
2025-03-17 12:49:23,5,6,20,Black
2025-03-17 12:49:23,16,3,20,Licorice
2025-03-17 12:49:23,12,6,17,Licorice
2025-03-17 12:49:23,11,4,22,Licorice
2025-03-17 12:49:23,12,6,19,Licorice
2025-03-17 12:49:23,12,5,13,Black
2025-03-17 12:49:24,6,5,16,Black
2025-03-17 12:49:24,3,0,3,Black
2025-03-17 12:49:24,4,1,9,Black
2025-03-17 12:49:24,7,0,10,Black
2025-03-17 12:49:24,7,0,10,Black
2025-03-17 12:49:24,10,0,12,Black
2025-03-17 12:49:24,10,0,12,Black
2025-03-17 12:49:24,2,0,8,Black
2025-03-17 12:49:24,7,0,8,Black
2025-03-17 12:49:24,9,0,11,Black
2025-03-17 12:49:24,10,0,12,Black
2025-03-17 12:49:24,8,5,12,Black
2025-03-17 12:49:24,12,4,20,Licorice
2025-03-17 12:49:24,16,8,21,Licorice
2025-03-17 12:49:24,9,7,30,Licorice
2025-03-17 12:49:24,11,4,22,Licorice
2025-03-17 12:49:24,6,1,7,Black
2025-03-17 12:49:24,5,0,0,Black
2025-03-17 12:49:24,4,0,6,Black
2025-03-17 12:49:24,10,0,4,Black
2025-03-17 12:49:24,6,1,2,Black
2025-03-17 12:49:24,14,2,9,Black
2025-03-17 12:49:24,2,0,11,Black
2025-03-17 12:49:24,0,0,6,Black
2025-03-17 12:49:24,7,0,12,Black
2025-03-17 12:49:24,6,1,7,Black
2025-03-17 12:49:24,10,2,11,Black
2025-03-17 12:49:24,8,0,9,Black
2025-03-17 12:49:24,6,1,9,Black
2025-03-17 12:49:24,3,0,5,Black
2025-03-17 12:49:25,2,0,6,Black
2025-03-17 12:49:25,1,1,5,Black
2025-03-17 12:49:25,7,0,12,Black
2025-03-17 12:49:25,8,0,7,Black
2025-03-17 12:49:25,14,5,21,Licorice
2025-03-17 12:49:25,13,10,20,Licorice
2025-03-17 12:49:25,5,0,2,Black
2025-03-17 12:49:25,12,4,20,Licorice
2025-03-17 12:49:25,5,0,8,Black
2025-03-17 12:49:25,5,0,4,Black
2025-03-17 12:49:25,2,0,6,Black
2025-03-17 12:49:25,5,0,2,Black
2025-03-17 12:49:25,0,0,0,Black
2025-03-17 12:49:25,4,0,6,Black
2025-03-17 12:49:25,2,0,4,Black
2025-03-17 12:49:25,5,0,4,Black
2025-03-17 12:49:25,2,0,6,Black
2025-03-17 12:49:25,10,2,17,Black
2025-03-17 12:49:25,8,0,8,Black
2025-03-17 12:49:25,2,0,11,Black
2025-03-17 12:49:25,5,0,12,Black
2025-03-17 12:49:25,3,0,12,Black
2025-03-17 12:49:25,6,3,17,Black
2025-03-17 12:49:25,8,0,11,Black
2025-03-17 12:49:25,14,1,11,Black
2025-03-17 12:49:25,11,4,12,Black
2025-03-17 12:49:25,6,0,13,Black
2025-03-17 12:49:25,10,2,17,Black
2025-03-17 12:49:25,9,4,16,Black
2025-03-17 12:49:26,14,5,21,Licorice
2025-03-17 12:49:26,6,4,23,Licorice
2025-03-17 12:49:26,14,6,19,Licorice
2025-03-17 12:49:26,12,6,19,Licorice
2025-03-17 12:49:26,11,3,14,Black
2025-03-17 12:49:26,11,4,22,Licorice
2025-03-17 12:49:26,11,8,18,Licorice
2025-03-17 12:49:26,15,5,23,Licorice
2025-03-17 12:49:26,7,5,26,Licorice
2025-03-17 12:49:26,12,4,22,Licorice
2025-03-17 12:49:26,12,9,23,Licorice
2025-03-17 12:49:26,9,5,22,Licorice
2025-03-17 12:49:26,19,3,23,Licorice
2025-03-17 12:49:26,15,6,26,Licorice
2025-03-17 12:49:26,3,3,26,Black
2025-03-17 12:49:26,10,6,21,Licorice
2025-03-17 12:49:26,14,8,23,Licorice
2025-03-17 12:49:26,17,7,14,Licorice
2025-03-17 12:49:26,10,7,19,Licorice
2025-03-17 12:49:26,12,6,21,Licorice
2025-03-17 12:49:26,11,4,24,Licorice
2025-03-17 12:49:26,16,3,22,Licorice
2025-03-17 12:49:26,9,8,20,Licorice
2025-03-17 12:49:26,16,8,21,Licorice
2025-03-17 12:49:26,19,4,21,Licorice
2025-03-17 12:49:26,11,5,15,Licorice
2025-03-17 12:49:26,9,5,20,Licorice
2025-03-17 12:49:26,9,5,18,Licorice
2025-03-17 12:49:26,9,5,18,Licorice
2025-03-17 12:49:26,11,3,19,Licorice
2025-03-17 12:49:26,14,5,23,Licorice
2025-03-17 12:49:27,9,5,20,Licorice
2025-03-17 12:49:27,10,6,23,Licorice
2025-03-17 12:49:27,14,5,23,Licorice
2025-03-17 12:49:27,11,7,24,Licorice
2025-03-17 12:49:27,14,8,21,Licorice
2025-03-17 12:49:27,13,7,26,Licorice
2025-03-17 12:49:27,11,7,28,Licorice
2025-03-17 12:49:27,14,6,19,Licorice
2025-03-17 12:49:27,14,3,24,Licorice
2025-03-17 12:49:27,12,6,23,Licorice
2025-03-17 12:49:27,19,3,23,Licorice
2025-03-17 12:49:27,14,5,21,Licorice
2025-03-17 12:49:27,17,6,24,Licorice
2025-03-17 12:49:27,12,6,23,Licorice
2025-03-17 12:49:27,13,7,22,Licorice
2025-03-17 12:49:27,19,6,25,Licorice
2025-03-17 12:49:27,9,8,24,Licorice
2025-03-17 12:49:27,15,6,22,Licorice
2025-03-17 12:49:27,14,5,23,Licorice
2025-03-17 12:49:27,10,6,23,Licorice
2025-03-17 12:49:27,10,6,23,Licorice
2025-03-17 12:49:27,12,6,23,Licorice
2025-03-17 12:49:27,16,3,22,Licorice
2025-03-17 12:49:27,8,4,16,Black
2025-03-17 12:49:27,15,1,27,Licorice
2025-03-17 12:49:27,9,5,20,Licorice
2025-03-17 12:49:27,9,5,20,Licorice
2025-03-17 12:49:27,9,4,19,Licorice
2025-03-17 12:49:27,10,6,21,Licorice
2025-03-17 12:49:27,9,4,19,Licorice
2025-03-17 12:49:28,9,5,22,Licorice
2025-03-17 12:49:28,11,4,26,Licorice
2025-03-17 12:49:28,11,4,26,Licorice
2025-03-17 12:49:28,14,5,21,Licorice
2025-03-17 12:49:28,8,5,10,Black
2025-03-17 12:49:28,13,2,21,Licorice
2025-03-17 12:49:28,6,4,23,Licorice
2025-03-17 12:49:28,8,2,22,Licorice
2025-03-17 12:49:28,8,4,19,Black
2025-03-17 12:49:28,9,3,23,Licorice
2025-03-17 12:49:28,17,4,19,Licorice
2025-03-17 12:49:28,11,4,26,Licorice
2025-03-17 12:49:28,11,4,26,Licorice
2025-03-17 12:49:28,6,3,19,Black
2025-03-17 12:49:28,9,3,21,Licorice
2025-03-17 12:49:28,14,6,15,Licorice
2025-03-17 12:49:28,9,5,20,Licorice
2025-03-17 12:49:28,5,3,17,Black
2025-03-17 12:49:28,5,3,22,Black
2025-03-17 12:49:28,15,2,21,Licorice
2025-03-17 12:49:28,14,6,15,Licorice
2025-03-17 12:49:28,9,5,22,Licorice
2025-03-17 12:49:28,7,5,24,Licorice
2025-03-17 12:49:28,7,5,24,Licorice
2025-03-17 12:49:28,9,3,21,Licorice
2025-03-17 12:49:28,12,6,21,Licorice
2025-03-17 12:49:28,13,7,22,Licorice
2025-03-17 12:49:28,17,4,21,Licorice
2025-03-17 12:49:28,8,7,23,Licorice
2025-03-17 12:49:29,13,7,26,Licorice
2025-03-17 12:49:29,9,5,22,Licorice
2025-03-17 12:49:29,8,7,23,Licorice
2025-03-17 12:49:29,6,8,17,Black
2025-03-17 12:49:29,12,6,19,Licorice
2025-03-17 12:49:29,12,6,19,Licorice
2025-03-17 12:49:29,9,5,20,Licorice
2025-03-17 12:49:29,9,5,24,Licorice
2025-03-17 12:49:29,9,5,22,Licorice
2025-03-17 12:49:29,10,6,25,Licorice
2025-03-17 12:49:29,8,4,19,Black
2025-03-17 12:49:29,11,7,26,Licorice
2025-03-17 12:49:29,13,7,20,Licorice
2025-03-17 12:49:29,21,6,25,Licorice
2025-03-17 12:49:29,15,9,26,Licorice
2025-03-17 12:49:29,15,9,26,Licorice
2025-03-17 12:49:29,11,7,26,Licorice
2025-03-17 12:49:29,13,7,24,Licorice
2025-03-17 12:49:29,15,7,18,Licorice
2025-03-17 12:49:29,15,6,24,Licorice
2025-03-17 12:49:29,17,9,22,Licorice
2025-03-17 12:49:29,11,4,22,Licorice
2025-03-17 12:49:29,14,8,23,Licorice
2025-03-17 12:49:29,15,6,22,Licorice
2025-03-17 12:49:29,8,7,19,Licorice
2025-03-17 12:49:29,16,7,25,Licorice
2025-03-17 12:49:29,16,7,25,Licorice
2025-03-17 12:49:29,16,7,25,Licorice
2025-03-17 12:49:29,11,7,24,Licorice
2025-03-17 12:49:29,17,6,22,Licorice
2025-03-17 12:49:29,7,5,26,Licorice
2025-03-17 12:49:30,15,6,22,Licorice
2025-03-17 12:49:30,15,6,22,Licorice
2025-03-17 12:49:30,12,5,25,Licorice
2025-03-17 12:49:30,12,5,25,Licorice
2025-03-17 12:49:30,14,5,21,Licorice
2025-03-17 12:49:30,10,6,21,Licorice
2025-03-17 12:49:30,10,6,21,Licorice
2025-03-17 12:49:30,16,8,17,Licorice
2025-03-17 12:49:30,16,8,23,Licorice
2025-03-17 12:49:30,18,5,24,Licorice
2025-03-17 12:49:30,17,9,24,Licorice
2025-03-17 12:49:30,14,8,21,Licorice
2025-03-17 12:49:30,14,8,23,Licorice
2025-03-17 12:49:30,18,7,27,Licorice
2025-03-17 12:49:30,13,7,24,Licorice
2025-03-17 12:49:30,21,8,22,Licorice
2025-03-17 12:49:30,19,8,31,Licorice
2025-03-17 12:49:30,17,6,24,Licorice
2025-03-17 12:49:30,15,9,26,Licorice
2025-03-17 12:49:30,15,6,24,Licorice
2025-03-17 12:49:30,12,9,21,Licorice
2025-03-17 12:49:30,13,7,26,Licorice
2025-03-17 12:49:30,16,7,25,Licorice
2025-03-17 12:49:30,14,8,25,Licorice
2025-03-17 12:49:30,14,5,23,Licorice
2025-03-17 12:49:30,17,9,26,Licorice
2025-03-17 12:49:30,13,10,26,Licorice
2025-03-17 12:49:30,14,8,25,Licorice
2025-03-17 12:49:30,14,8,25,Licorice
2025-03-17 12:49:31,19,7,21,Licorice
2025-03-17 12:49:31,10,6,25,Licorice
2025-03-17 12:49:31,16,7,25,Licorice
2025-03-17 12:49:31,16,7,25,Licorice
2025-03-17 12:49:31,15,9,26,Licorice
2025-03-17 12:49:31,15,6,30,Licorice
2025-03-17 12:49:31,13,7,22,Licorice
2025-03-17 12:49:31,18,5,28,Licorice
2025-03-17 12:49:31,18,5,22,Licorice
2025-03-17 12:49:31,13,6,30,Licorice
2025-03-17 12:49:31,17,6,24,Licorice
2025-03-17 12:49:31,16,8,21,Licorice
2025-03-17 12:49:31,18,5,26,Licorice
2025-03-17 12:49:31,17,8,29,Licorice
2025-03-17 12:49:31,15,10,22,Licorice
2025-03-17 12:49:31,15,6,24,Licorice
2025-03-17 12:49:31,12,6,21,Licorice
2025-03-17 12:49:31,16,7,32,Licorice
2025-03-17 12:49:31,15,6,22,Licorice
2025-03-17 12:49:31,14,6,15,Licorice
2025-03-17 12:49:31,18,6,16,Licorice
2025-03-17 12:49:31,108,76,70,Medium Taupe
2025-03-17 12:49:31,140,105,95,Dark Chestnut
2025-03-17 12:49:31,138,102,97,Rose Taupe
2025-03-17 12:49:31,142,104,97,Dark Chestnut
2025-03-17 12:49:31,148,110,101,Dark Chestnut
2025-03-17 12:49:31,156,118,109,Beaver
2025-03-17 12:49:31,144,104,95,Dark Chestnut
2025-03-17 12:49:31,150,112,109,Copper Rose
2025-03-17 12:49:31,157,120,122,Bazaar
2025-03-17 12:49:32,163,117,121,Bazaar
2025-03-17 12:49:32,169,126,129,Turkish Rose
2025-03-17 12:49:32,177,136,136,Rosy Brown
2025-03-17 12:49:32,186,148,148,Rosy Brown
2025-03-17 12:49:32,202,158,161,Pastel Pink
2025-03-17 12:49:32,183,145,142,Rosy Brown
2025-03-17 12:49:32,146,119,114,Bazaar
2025-03-17 12:49:32,43,26,64,Onyx
2025-03-17 12:49:32,30,28,72,Oxford Blue
2025-03-17 12:49:32,37,26,67,Oxford Blue
2025-03-17 12:49:32,36,28,73,Oxford Blue
2025-03-17 12:49:32,30,23,68,Oxford Blue
2025-03-17 12:49:32,29,18,59,Dark Jungle Green
2025-03-17 12:49:32,44,36,75,Onyx
2025-03-17 12:49:32,34,30,76,Oxford Blue
2025-03-17 12:49:32,26,19,119,Midnight Blue
2025-03-17 12:49:32,47,19,255,Electric Ultramarine
2025-03-17 12:49:32,50,20,255,Electric Ultramarine
2025-03-17 12:49:32,53,24,255,Electric Ultramarine
2025-03-17 12:49:32,48,25,255,Electric Ultramarine
2025-03-17 12:49:32,46,17,255,Electric Ultramarine
2025-03-17 12:49:32,47,19,255,Electric Ultramarine
2025-03-17 12:49:32,50,18,255,Electric Ultramarine
2025-03-17 12:49:32,42,5,255,Electric Ultramarine
2025-03-17 12:49:32,47,10,255,Electric Ultramarine
2025-03-17 12:49:32,51,12,255,Electric Ultramarine
2025-03-17 12:49:32,45,12,254,Electric Ultramarine
2025-03-17 12:49:32,46,9,247,Electric Ultramarine
2025-03-17 12:49:32,35,7,234,Electric Ultramarine
2025-03-17 12:49:32,39,4,233,Electric Ultramarine
2025-03-17 12:49:32,38,3,232,Electric Ultramarine
2025-03-17 12:49:33,38,1,231,Electric Ultramarine
2025-03-17 12:49:33,36,3,232,Electric Ultramarine
2025-03-17 12:49:33,38,3,216,Medium Blue
2025-03-17 12:49:33,25,3,126,Ultramarine
2025-03-17 12:49:33,19,14,67,Oxford Blue
2025-03-17 12:49:33,23,16,63,Oxford Blue
2025-03-17 12:49:33,53,43,84,Charcoal
2025-03-17 12:49:33,52,37,73,Onyx
2025-03-17 12:49:33,68,30,72,Onyx
2025-03-17 12:49:33,50,37,83,Onyx
2025-03-17 12:49:33,39,21,196,Persian Blue
2025-03-17 12:49:33,59,24,255,Electric Ultramarine
2025-03-17 12:49:33,56,20,255,Electric Ultramarine
2025-03-17 12:49:33,50,26,255,Electric Ultramarine
2025-03-17 12:49:33,47,30,255,Electric Ultramarine
2025-03-17 12:49:33,50,31,255,Electric Ultramarine
2025-03-17 12:49:33,38,28,255,Electric Ultramarine
2025-03-17 12:49:33,34,19,255,Electric Ultramarine
2025-03-17 12:49:33,41,24,255,Electric Ultramarine
2025-03-17 12:49:33,38,28,255,Electric Ultramarine
2025-03-17 12:49:33,36,21,255,Electric Ultramarine
2025-03-17 12:49:33,32,22,255,Electric Ultramarine
2025-03-17 12:49:33,44,27,255,Electric Ultramarine
2025-03-17 12:49:33,36,26,255,Electric Ultramarine
2025-03-17 12:49:33,37,27,255,Electric Ultramarine
2025-03-17 12:49:33,39,32,255,Electric Ultramarine
2025-03-17 12:49:33,43,29,255,Electric Ultramarine
2025-03-17 12:49:33,39,27,255,Electric Ultramarine
2025-03-17 12:49:33,38,34,255,Palatinate Blue
2025-03-17 12:49:34,44,31,255,Electric Ultramarine
2025-03-17 12:49:34,34,37,225,Palatinate Blue
2025-03-17 12:49:34,16,14,103,Midnight Blue
2025-03-17 12:49:34,48,43,98,Midnight Blue
2025-03-17 12:49:34,60,48,101,Charcoal
2025-03-17 12:49:34,51,42,96,Charcoal
2025-03-17 12:49:34,44,45,100,Midnight Blue
2025-03-17 12:49:34,46,36,93,Midnight Blue
2025-03-17 12:49:34,11,11,86,Oxford Blue
2025-03-17 12:49:34,16,8,147,Ultramarine
2025-03-17 12:49:34,35,30,255,Electric Ultramarine
2025-03-17 12:49:34,42,26,255,Electric Ultramarine
2025-03-17 12:49:34,45,26,255,Electric Ultramarine
2025-03-17 12:49:34,40,28,255,Electric Ultramarine
2025-03-17 12:49:34,44,25,255,Electric Ultramarine
2025-03-17 12:49:34,38,28,255,Electric Ultramarine
2025-03-17 12:49:34,40,20,255,Electric Ultramarine
2025-03-17 12:49:34,39,27,255,Electric Ultramarine
2025-03-17 12:49:34,46,20,255,Electric Ultramarine
2025-03-17 12:49:34,44,25,255,Electric Ultramarine
2025-03-17 12:49:34,45,28,255,Electric Ultramarine
2025-03-17 12:49:34,44,25,255,Electric Ultramarine
2025-03-17 12:49:34,45,23,255,Electric Ultramarine
2025-03-17 12:49:34,42,18,255,Electric Ultramarine
2025-03-17 12:49:34,44,18,255,Electric Ultramarine
2025-03-17 12:49:34,44,16,255,Electric Ultramarine
2025-03-17 12:49:34,44,16,255,Electric Ultramarine
2025-03-17 12:49:34,51,15,255,Electric Ultramarine
2025-03-17 12:49:34,36,17,255,Electric Ultramarine
2025-03-17 12:49:34,43,12,255,Electric Ultramarine
2025-03-17 12:49:35,42,14,255,Electric Ultramarine
2025-03-17 12:49:35,42,14,255,Electric Ultramarine
2025-03-17 12:49:35,41,11,255,Electric Ultramarine
2025-03-17 12:49:35,47,12,255,Electric Ultramarine
2025-03-17 12:49:35,44,11,255,Electric Ultramarine
2025-03-17 12:49:35,33,4,255,Electric Ultramarine
2025-03-17 12:49:35,42,6,255,Electric Ultramarine
2025-03-17 12:49:35,42,6,255,Electric Ultramarine
2025-03-17 12:49:35,40,14,255,Electric Ultramarine
2025-03-17 12:49:35,41,11,255,Electric Ultramarine
2025-03-17 12:49:35,45,7,255,Electric Ultramarine
2025-03-17 12:49:35,37,11,255,Electric Ultramarine
2025-03-17 12:49:35,39,8,255,Electric Ultramarine
2025-03-17 12:49:35,44,13,255,Electric Ultramarine
2025-03-17 12:49:35,48,10,255,Electric Ultramarine
2025-03-17 12:49:35,44,16,255,Electric Ultramarine
2025-03-17 12:49:35,39,8,255,Electric Ultramarine
2025-03-17 12:49:35,37,6,255,Electric Ultramarine
2025-03-17 12:49:35,37,6,255,Electric Ultramarine
2025-03-17 12:49:35,50,17,255,Electric Ultramarine
2025-03-17 12:49:35,43,12,255,Electric Ultramarine
2025-03-17 12:49:35,45,10,255,Electric Ultramarine
2025-03-17 12:49:35,40,7,255,Electric Ultramarine
2025-03-17 12:49:35,39,4,255,Electric Ultramarine
2025-03-17 12:49:35,41,11,255,Electric Ultramarine
2025-03-17 12:49:35,34,6,255,Electric Ultramarine
2025-03-17 12:49:35,41,3,255,Electric Ultramarine
2025-03-17 12:49:35,34,6,255,Electric Ultramarine
2025-03-17 12:49:35,34,6,255,Electric Ultramarine
2025-03-17 12:49:35,40,2,255,Electric Ultramarine
2025-03-17 12:49:35,41,1,255,Electric Ultramarine
2025-03-17 12:49:36,40,3,255,Electric Ultramarine
2025-03-17 12:49:36,40,6,255,Electric Ultramarine
2025-03-17 12:49:36,37,3,254,Electric Ultramarine
2025-03-17 12:49:36,39,0,253,Electric Ultramarine
2025-03-17 12:49:36,41,1,254,Electric Ultramarine
2025-03-17 12:49:36,41,1,254,Electric Ultramarine
2025-03-17 12:49:36,39,0,253,Electric Ultramarine
2025-03-17 12:49:36,39,5,254,Electric Ultramarine
2025-03-17 12:49:36,39,5,254,Electric Ultramarine
2025-03-17 12:49:36,42,1,252,Electric Ultramarine
2025-03-17 12:49:36,33,1,247,Electric Ultramarine
2025-03-17 12:49:36,43,5,248,Electric Ultramarine
2025-03-17 12:49:36,38,1,249,Electric Ultramarine
2025-03-17 12:49:36,39,6,248,Electric Ultramarine
2025-03-17 12:49:36,38,5,247,Electric Ultramarine
2025-03-17 12:49:36,48,0,243,Electric Ultramarine
2025-03-17 12:49:36,31,2,243,Blue
2025-03-17 12:49:36,35,1,243,Electric Ultramarine
2025-03-17 12:49:36,35,1,243,Electric Ultramarine
2025-03-17 12:49:36,30,4,242,Blue
2025-03-17 12:49:36,31,7,242,Blue
2025-03-17 12:49:36,27,5,242,Blue
2025-03-17 12:49:36,32,0,239,Electric Ultramarine
2025-03-17 12:49:36,32,3,242,Electric Ultramarine
2025-03-17 12:49:36,28,0,240,Blue
2025-03-17 12:49:36,32,3,242,Electric Ultramarine
2025-03-17 12:49:36,29,2,247,Blue
2025-03-17 12:49:36,33,1,245,Electric Ultramarine
2025-03-17 12:49:36,32,3,251,Electric Ultramarine
2025-03-17 12:49:36,32,3,251,Electric Ultramarine
2025-03-17 12:49:37,32,8,248,Electric Ultramarine
2025-03-17 12:49:37,33,6,253,Electric Ultramarine
2025-03-17 12:49:37,23,1,247,Blue
2025-03-17 12:49:37,33,8,255,Electric Ultramarine
2025-03-17 12:49:37,33,8,255,Electric Ultramarine
2025-03-17 12:49:37,27,9,255,Blue
2025-03-17 12:49:37,35,7,255,Electric Ultramarine
2025-03-17 12:49:37,31,8,255,Blue
2025-03-17 12:49:37,37,6,255,Electric Ultramarine
2025-03-17 12:49:37,28,9,255,Blue
2025-03-17 12:49:37,28,9,255,Blue
2025-03-17 12:49:37,43,7,255,Electric Ultramarine
2025-03-17 12:49:37,43,8,255,Electric Ultramarine
2025-03-17 12:49:37,40,6,255,Electric Ultramarine
2025-03-17 12:49:37,37,8,253,Electric Ultramarine
2025-03-17 12:49:37,34,0,232,Electric Ultramarine
2025-03-17 12:49:37,23,0,214,Medium Blue
2025-03-17 12:49:37,27,4,201,Medium Blue
2025-03-17 12:49:37,26,3,188,Medium Blue
2025-03-17 12:49:37,29,0,183,Medium Blue
2025-03-17 12:49:37,22,0,175,Duke Blue
2025-03-17 12:49:37,30,0,176,Duke Blue
2025-03-17 12:49:37,31,0,188,Medium Blue
2025-03-17 12:49:37,31,0,199,Medium Blue
2025-03-17 12:49:37,29,3,211,Medium Blue
2025-03-17 12:49:37,11,12,107,Midnight Blue
2025-03-17 12:49:37,36,24,73,Oxford Blue
2025-03-17 12:49:37,103,84,91,Wenge
2025-03-17 12:49:37,66,36,61,Onyx
2025-03-17 12:49:37,52,47,71,Onyx
2025-03-17 12:49:38,54,42,70,Onyx
2025-03-17 12:49:38,21,10,37,Licorice
2025-03-17 12:49:38,22,6,37,Licorice
2025-03-17 12:49:38,17,8,29,Licorice
2025-03-17 12:49:38,31,15,35,Licorice
2025-03-17 12:49:38,51,33,51,Onyx
2025-03-17 12:49:38,69,42,59,Taupe
2025-03-17 12:49:38,67,48,57,Black Olive
2025-03-17 12:49:38,66,36,45,Bistre
2025-03-17 12:49:38,65,32,44,Bistre
2025-03-17 12:49:38,65,28,36,Bistre
2025-03-17 12:49:38,71,36,44,Bistre
2025-03-17 12:49:38,76,44,45,Café Noir
2025-03-17 12:49:38,87,50,58,Taupe
2025-03-17 12:49:38,96,60,59,Deep Coffee
2025-03-17 12:49:38,113,76,78,Medium Taupe
2025-03-17 12:49:38,118,88,86,Wenge
2025-03-17 12:49:38,126,92,93,Rose Taupe
2025-03-17 12:49:38,124,92,91,Pastel Brown
2025-03-17 12:49:38,118,91,90,Wenge
2025-03-17 12:49:38,120,94,86,Pastel Brown
2025-03-17 12:49:38,125,93,94,Pastel Brown
2025-03-17 12:49:38,125,95,93,Pastel Brown
2025-03-17 12:49:38,122,98,92,Pastel Brown
2025-03-17 12:49:38,126,99,101,Rose Taupe
2025-03-17 12:49:38,128,98,101,Rose Taupe
2025-03-17 12:49:38,137,110,107,Raspberry Glace
2025-03-17 12:49:38,126,108,108,Old Lavender
2025-03-17 12:49:38,120,93,109,Old Lavender
2025-03-17 12:49:38,31,27,74,Oxford Blue
2025-03-17 12:49:39,30,30,87,Midnight Blue
2025-03-17 12:49:39,13,5,135,Ultramarine
2025-03-17 12:49:39,46,30,255,Electric Ultramarine
2025-03-17 12:49:39,52,29,255,Electric Ultramarine
2025-03-17 12:49:39,45,26,255,Electric Ultramarine
2025-03-17 12:49:39,53,27,255,Electric Ultramarine
2025-03-17 12:49:39,51,18,255,Electric Ultramarine
2025-03-17 12:49:39,53,27,255,Electric Ultramarine
2025-03-17 12:49:39,50,23,255,Electric Ultramarine
2025-03-17 12:49:39,60,26,255,Electric Ultramarine
2025-03-17 12:49:39,56,28,255,Electric Ultramarine
2025-03-17 12:49:39,54,23,255,Electric Ultramarine
2025-03-17 12:49:39,58,27,255,Electric Ultramarine
2025-03-17 12:49:39,57,30,255,Electric Ultramarine
2025-03-17 12:49:39,54,25,255,Electric Ultramarine
2025-03-17 12:49:39,53,18,255,Electric Ultramarine
2025-03-17 12:49:39,54,25,255,Electric Ultramarine
2025-03-17 12:49:39,52,21,255,Electric Ultramarine
2025-03-17 12:49:39,60,30,255,Electric Ultramarine
2025-03-17 12:49:39,58,22,255,Electric Ultramarine
2025-03-17 12:49:39,44,25,255,Electric Ultramarine
2025-03-17 12:49:39,42,31,255,Electric Ultramarine
2025-03-17 12:49:39,47,27,255,Electric Ultramarine
2025-03-17 12:49:39,44,22,255,Electric Ultramarine
2025-03-17 12:49:39,42,30,255,Electric Ultramarine
2025-03-17 12:49:39,39,31,255,Electric Ultramarine
2025-03-17 12:49:39,43,34,255,Palatinate Blue
2025-03-17 12:49:39,46,33,255,Electric Ultramarine
2025-03-17 12:49:40,43,29,255,Electric Ultramarine
2025-03-17 12:49:40,46,32,255,Electric Ultramarine
2025-03-17 12:49:40,51,28,255,Electric Ultramarine
2025-03-17 12:49:40,38,29,255,Electric Ultramarine
2025-03-17 12:49:40,42,27,255,Electric Ultramarine
2025-03-17 12:49:40,45,33,255,Electric Ultramarine
2025-03-17 12:49:40,38,28,255,Electric Ultramarine
2025-03-17 12:49:40,35,20,255,Electric Ultramarine
2025-03-17 12:49:40,46,29,255,Electric Ultramarine
2025-03-17 12:49:40,44,25,255,Electric Ultramarine
2025-03-17 12:49:40,47,18,255,Electric Ultramarine
2025-03-17 12:49:40,34,26,255,Electric Ultramarine
2025-03-17 12:49:40,37,20,255,Electric Ultramarine
2025-03-17 12:49:40,49,16,255,Electric Ultramarine
2025-03-17 12:49:40,45,23,255,Electric Ultramarine
2025-03-17 12:49:40,44,16,255,Electric Ultramarine
2025-03-17 12:49:40,50,22,255,Electric Ultramarine
2025-03-17 12:49:40,46,17,255,Electric Ultramarine
2025-03-17 12:49:40,44,16,255,Electric Ultramarine
2025-03-17 12:49:40,45,14,255,Electric Ultramarine
2025-03-17 12:49:40,38,21,255,Electric Ultramarine
2025-03-17 12:49:40,44,18,255,Electric Ultramarine
2025-03-17 12:49:40,45,23,255,Electric Ultramarine
2025-03-17 12:49:40,44,18,255,Electric Ultramarine
2025-03-17 12:49:40,46,17,255,Electric Ultramarine
2025-03-17 12:49:40,54,21,255,Electric Ultramarine
2025-03-17 12:49:40,45,19,255,Electric Ultramarine
2025-03-17 12:49:40,47,18,255,Electric Ultramarine
2025-03-17 12:49:40,45,14,255,Electric Ultramarine
2025-03-17 12:49:40,48,19,255,Electric Ultramarine
2025-03-17 12:49:40,50,23,255,Electric Ultramarine
2025-03-17 12:49:41,43,24,255,Electric Ultramarine
2025-03-17 12:49:41,47,18,255,Electric Ultramarine
2025-03-17 12:49:41,50,17,255,Electric Ultramarine
2025-03-17 12:49:41,53,15,255,Electric Ultramarine
2025-03-17 12:49:41,43,18,190,Persian Blue
2025-03-17 12:49:41,21,12,60,Oxford Blue
2025-03-17 12:49:41,46,38,69,Onyx
2025-03-17 12:49:41,38,27,69,Onyx
2025-03-17 12:49:41,43,26,62,Onyx
2025-03-17 12:49:41,43,26,62,Onyx
2025-03-17 12:49:41,33,28,61,Dark Jungle Green
2025-03-17 12:49:41,33,35,61,Medium Jungle Green
2025-03-17 12:49:41,39,34,69,Onyx
2025-03-17 12:49:41,44,37,66,Onyx
2025-03-17 12:49:41,49,36,76,Onyx
2025-03-17 12:49:41,53,39,68,Onyx
2025-03-17 12:49:41,71,53,73,Purple Taupe
2025-03-17 12:49:41,151,134,147,Mountbatten Pink
2025-03-17 12:49:41,174,160,163,Rose Quartz
2025-03-17 12:49:41,184,165,174,Rose Quartz
2025-03-17 12:49:41,184,165,174,Rose Quartz
2025-03-17 12:49:41,180,166,169,Rose Quartz
2025-03-17 12:49:41,173,158,170,Rose Quartz
2025-03-17 12:49:41,176,162,167,Rose Quartz
2025-03-17 12:49:41,164,156,165,Rose Quartz
2025-03-17 12:49:41,148,125,151,Mountbatten Pink
2025-03-17 12:49:41,68,56,84,Purple Taupe
2025-03-17 12:49:41,51,41,69,Onyx
2025-03-17 12:49:41,53,45,76,Onyx
2025-03-17 12:49:42,48,38,77,Onyx
2025-03-17 12:49:42,48,38,77,Onyx
2025-03-17 12:49:42,41,37,75,Onyx
2025-03-17 12:49:42,42,39,72,Onyx
2025-03-17 12:49:42,41,33,69,Onyx
2025-03-17 12:49:42,41,33,73,Onyx
2025-03-17 12:49:42,39,33,71,Onyx
2025-03-17 12:49:42,40,31,72,Onyx
2025-03-17 12:49:42,31,28,65,Oxford Blue
2025-03-17 12:49:42,37,26,65,Onyx
2025-03-17 12:49:42,31,24,73,Oxford Blue
2025-03-17 12:49:42,31,20,64,Oxford Blue
2025-03-17 12:49:42,31,20,64,Oxford Blue
2025-03-17 12:49:42,32,23,64,Oxford Blue
2025-03-17 12:49:42,33,24,65,Oxford Blue
2025-03-17 12:49:42,30,23,68,Oxford Blue
2025-03-17 12:49:42,33,24,67,Oxford Blue
2025-03-17 12:49:42,37,26,67,Oxford Blue
2025-03-17 12:49:42,32,27,62,Dark Jungle Green
2025-03-17 12:49:42,41,23,66,Onyx
2025-03-17 12:49:42,36,28,69,Oxford Blue
2025-03-17 12:49:42,39,28,74,Onyx
2025-03-17 12:49:42,30,27,66,Oxford Blue
2025-03-17 12:49:42,30,27,66,Oxford Blue
2025-03-17 12:49:42,34,26,64,Oxford Blue
2025-03-17 12:49:42,38,27,69,Onyx
2025-03-17 12:49:42,38,27,73,Oxford Blue
2025-03-17 12:49:42,40,25,67,Onyx
2025-03-17 12:49:42,39,24,66,Onyx
2025-03-17 12:49:42,40,32,70,Onyx
2025-03-17 12:49:42,39,26,67,Onyx
2025-03-17 12:49:43,38,27,73,Oxford Blue
2025-03-17 12:49:43,32,26,70,Oxford Blue
2025-03-17 12:49:43,32,26,70,Oxford Blue
2025-03-17 12:49:43,36,28,69,Oxford Blue
2025-03-17 12:49:43,35,27,65,Oxford Blue
2025-03-17 12:49:43,36,24,63,Dark Jungle Green
2025-03-17 12:49:43,37,25,64,Dark Jungle Green
2025-03-17 12:49:43,37,27,63,Medium Jungle Green
2025-03-17 12:49:43,35,27,65,Oxford Blue
2025-03-17 12:49:43,34,26,64,Oxford Blue
2025-03-17 12:49:43,28,25,62,Oxford Blue
2025-03-17 12:49:43,31,25,63,Oxford Blue
2025-03-17 12:49:43,31,25,63,Oxford Blue
2025-03-17 12:49:43,31,25,63,Oxford Blue
2025-03-17 12:49:43,34,26,66,Oxford Blue
2025-03-17 12:49:43,34,25,73,Oxford Blue
2025-03-17 12:49:43,31,25,65,Oxford Blue
2025-03-17 12:49:43,29,27,64,Oxford Blue
2025-03-17 12:49:43,33,23,62,Dark Jungle Green
2025-03-17 12:49:43,35,24,63,Dark Jungle Green
2025-03-17 12:49:43,35,27,63,Medium Jungle Green
2025-03-17 12:49:43,36,26,62,Dark Jungle Green
2025-03-17 12:49:43,35,24,65,Oxford Blue
2025-03-17 12:49:43,29,26,63,Oxford Blue
2025-03-17 12:49:43,29,26,63,Oxford Blue
2025-03-17 12:49:43,29,26,65,Oxford Blue
2025-03-17 12:49:43,28,25,60,Oxford Blue
2025-03-17 12:49:43,38,28,64,Onyx
2025-03-17 12:49:43,35,23,60,Dark Jungle Green
2025-03-17 12:49:43,33,25,61,Dark Jungle Green
2025-03-17 12:49:43,37,27,57,Dark Jungle Green
2025-03-17 12:49:44,33,25,63,Oxford Blue
2025-03-17 12:49:44,42,27,62,Onyx
2025-03-17 12:49:44,37,25,62,Dark Jungle Green
2025-03-17 12:49:44,39,24,66,Onyx
2025-03-17 12:49:44,37,29,68,Onyx
2025-03-17 12:49:44,35,26,72,Oxford Blue
2025-03-17 12:49:44,33,24,65,Oxford Blue
2025-03-17 12:49:44,38,22,69,Oxford Blue
2025-03-17 12:49:44,30,26,73,Oxford Blue
2025-03-17 12:49:44,33,29,73,Oxford Blue
2025-03-17 12:49:44,30,29,65,Oxford Blue
2025-03-17 12:49:44,40,25,67,Onyx
2025-03-17 12:49:44,34,28,69,Oxford Blue
2025-03-17 12:49:44,34,30,70,Oxford Blue
2025-03-17 12:49:44,26,29,67,Oxford Blue
2025-03-17 12:49:44,40,31,72,Onyx
2025-03-17 12:49:44,31,28,69,Oxford Blue
2025-03-17 12:49:44,31,30,66,Oxford Blue
2025-03-17 12:49:44,38,32,72,Onyx
2025-03-17 12:49:44,36,33,70,Onyx
2025-03-17 12:49:44,41,31,72,Onyx
2025-03-17 12:49:44,44,45,88,Charcoal
2025-03-17 12:49:44,23,18,76,Oxford Blue
2025-03-17 12:49:44,34,31,113,Midnight Blue
2025-03-17 12:49:44,49,27,255,Electric Ultramarine
2025-03-17 12:49:44,55,27,255,Electric Ultramarine
2025-03-17 12:49:44,52,29,255,Electric Ultramarine
2025-03-17 12:49:44,46,25,255,Electric Ultramarine
2025-03-17 12:49:44,40,20,255,Electric Ultramarine
2025-03-17 12:49:44,50,26,255,Electric Ultramarine
2025-03-17 12:49:45,45,26,255,Electric Ultramarine
2025-03-17 12:49:45,45,28,255,Electric Ultramarine
2025-03-17 12:49:45,44,27,255,Electric Ultramarine
2025-03-17 12:49:45,44,18,255,Electric Ultramarine
2025-03-17 12:49:45,50,26,255,Electric Ultramarine
2025-03-17 12:49:45,48,24,255,Electric Ultramarine
2025-03-17 12:49:45,50,22,255,Electric Ultramarine
2025-03-17 12:49:45,52,21,255,Electric Ultramarine
2025-03-17 12:49:45,51,15,255,Electric Ultramarine
2025-03-17 12:49:45,47,12,255,Electric Ultramarine
2025-03-17 12:49:45,38,3,255,Electric Ultramarine
2025-03-17 12:49:45,39,4,255,Electric Ultramarine
2025-03-17 12:49:45,41,1,255,Electric Ultramarine
2025-03-17 12:49:45,42,2,255,Electric Ultramarine
2025-03-17 12:49:45,41,2,250,Electric Ultramarine
2025-03-17 12:49:45,36,1,239,Electric Ultramarine
2025-03-17 12:49:45,28,0,229,Medium Blue
2025-03-17 12:49:45,25,0,218,Medium Blue
2025-03-17 12:49:45,31,0,208,Medium Blue
2025-03-17 12:49:45,25,0,205,Medium Blue
2025-03-17 12:49:45,24,0,205,Medium Blue
2025-03-17 12:49:45,32,0,207,Medium Blue
2025-03-17 12:49:45,26,0,203,Medium Blue
2025-03-17 12:49:45,26,0,202,Medium Blue
2025-03-17 12:49:45,29,0,205,Medium Blue
2025-03-17 12:49:45,28,0,207,Medium Blue
2025-03-17 12:49:45,29,0,210,Medium Blue
2025-03-17 12:49:45,29,0,214,Medium Blue
2025-03-17 12:49:45,24,0,209,Medium Blue
2025-03-17 12:49:46,30,0,209,Medium Blue
2025-03-17 12:49:46,32,0,209,Medium Blue
2025-03-17 12:49:46,26,0,205,Medium Blue
2025-03-17 12:49:46,17,0,203,Medium Blue
2025-03-17 12:49:46,24,0,202,Medium Blue
2025-03-17 12:49:46,26,0,197,Medium Blue
2025-03-17 12:49:46,26,0,201,Medium Blue
2025-03-17 12:49:46,23,0,201,Medium Blue
2025-03-17 12:49:46,28,0,202,Medium Blue
2025-03-17 12:49:46,31,0,206,Medium Blue
2025-03-17 12:49:46,21,0,203,Medium Blue
2025-03-17 12:49:46,26,0,203,Medium Blue
2025-03-17 12:49:46,22,0,202,Medium Blue
2025-03-17 12:49:46,20,0,202,Medium Blue
2025-03-17 12:49:46,22,0,200,Medium Blue
2025-03-17 12:49:46,24,0,205,Medium Blue
2025-03-17 12:49:46,28,0,205,Medium Blue
2025-03-17 12:49:46,21,0,205,Medium Blue
2025-03-17 12:49:46,18,0,204,Medium Blue
2025-03-17 12:49:46,28,0,205,Medium Blue
2025-03-17 12:49:46,24,0,207,Medium Blue
2025-03-17 12:49:46,32,0,209,Medium Blue
2025-03-17 12:49:46,24,0,207,Medium Blue
2025-03-17 12:49:46,29,0,210,Medium Blue
2025-03-17 12:49:46,24,0,209,Medium Blue
2025-03-17 12:49:46,25,0,210,Medium Blue
2025-03-17 12:49:46,32,0,211,Medium Blue
2025-03-17 12:49:46,22,0,213,Medium Blue
2025-03-17 12:49:46,29,0,216,Medium Blue
2025-03-17 12:49:46,29,0,218,Medium Blue
2025-03-17 12:49:46,31,0,221,Medium Blue
2025-03-17 12:49:47,28,1,221,Medium Blue
2025-03-17 12:49:47,34,0,230,Electric Ultramarine
2025-03-17 12:49:47,30,0,237,Blue
2025-03-17 12:49:47,32,0,239,Electric Ultramarine
2025-03-17 12:49:47,35,1,247,Electric Ultramarine
2025-03-17 12:49:47,39,1,249,Electric Ultramarine
2025-03-17 12:49:47,39,3,246,Electric Ultramarine
2025-03-17 12:49:47,34,0,241,Electric Ultramarine
2025-03-17 12:49:47,32,0,241,Electric Ultramarine
2025-03-17 12:49:47,38,1,251,Electric Ultramarine
2025-03-17 12:49:47,36,2,251,Electric Ultramarine
2025-03-17 12:49:47,41,2,252,Electric Ultramarine
2025-03-17 12:49:47,41,2,252,Electric Ultramarine
2025-03-17 12:49:47,41,1,254,Electric Ultramarine
2025-03-17 12:49:47,40,3,255,Electric Ultramarine
2025-03-17 12:49:47,39,1,255,Electric Ultramarine
2025-03-17 12:49:47,37,1,255,Electric Ultramarine
2025-03-17 12:49:47,37,2,255,Electric Ultramarine
2025-03-17 12:49:47,36,3,255,Electric Ultramarine
2025-03-17 12:49:47,42,2,255,Electric Ultramarine
2025-03-17 12:49:47,39,1,255,Electric Ultramarine
2025-03-17 12:49:47,36,6,255,Electric Ultramarine
2025-03-17 12:49:47,39,1,244,Electric Ultramarine
2025-03-17 12:49:47,25,0,218,Medium Blue
2025-03-17 12:49:47,21,0,203,Medium Blue
2025-03-17 12:49:47,26,0,191,Medium Blue
2025-03-17 12:49:47,22,0,185,Medium Blue
2025-03-17 12:49:47,22,0,180,Zaffre
2025-03-17 12:49:47,25,0,185,Medium Blue
2025-03-17 12:49:47,21,0,184,Medium Blue
2025-03-17 12:49:48,21,0,184,Medium Blue
2025-03-17 12:49:48,21,0,184,Medium Blue
2025-03-17 12:49:48,21,0,190,Medium Blue
2025-03-17 12:49:48,29,0,206,Medium Blue
2025-03-17 12:49:48,22,0,202,Medium Blue
2025-03-17 12:49:48,29,0,208,Medium Blue
2025-03-17 12:49:48,28,0,207,Medium Blue
2025-03-17 12:49:48,31,0,208,Medium Blue
2025-03-17 12:49:48,28,0,207,Medium Blue
2025-03-17 12:49:48,26,0,207,Medium Blue
2025-03-17 12:49:48,28,0,209,Medium Blue
2025-03-17 12:49:48,29,0,205,Medium Blue
2025-03-17 12:49:48,29,0,205,Medium Blue
2025-03-17 12:49:48,32,0,210,Medium Blue
2025-03-17 12:49:48,32,0,204,Medium Blue
2025-03-17 12:49:48,32,0,206,Medium Blue
2025-03-17 12:49:48,28,0,207,Medium Blue
2025-03-17 12:49:48,28,0,205,Medium Blue
2025-03-17 12:49:48,29,0,205,Medium Blue
2025-03-17 12:49:48,29,0,207,Medium Blue
2025-03-17 12:49:48,31,0,206,Medium Blue
2025-03-17 12:49:48,26,0,205,Medium Blue
2025-03-17 12:49:48,28,0,205,Medium Blue
2025-03-17 12:49:48,28,0,205,Medium Blue
2025-03-17 12:49:48,31,0,208,Medium Blue
2025-03-17 12:49:48,31,0,208,Medium Blue
2025-03-17 12:49:48,31,0,210,Medium Blue
2025-03-17 12:49:48,29,0,214,Medium Blue
2025-03-17 12:49:48,31,0,210,Medium Blue
2025-03-17 12:49:49,32,0,211,Medium Blue
2025-03-17 12:49:49,25,0,210,Medium Blue
2025-03-17 12:49:49,29,0,214,Medium Blue
2025-03-17 12:49:49,33,0,216,Medium Blue
2025-03-17 12:49:49,33,0,216,Medium Blue
2025-03-17 12:49:49,29,0,212,Medium Blue
2025-03-17 12:49:49,29,0,210,Medium Blue
2025-03-17 12:49:49,28,0,213,Medium Blue
2025-03-17 12:49:49,21,0,212,Medium Blue
2025-03-17 12:49:49,24,0,215,Medium Blue
2025-03-17 12:49:49,22,0,215,Medium Blue
2025-03-17 12:49:49,21,0,214,Medium Blue
2025-03-17 12:49:49,25,0,216,Medium Blue
2025-03-17 12:49:49,32,0,217,Medium Blue
2025-03-17 12:49:49,24,0,215,Medium Blue
2025-03-17 12:49:49,24,0,215,Medium Blue
2025-03-17 12:49:49,28,0,217,Medium Blue
2025-03-17 12:49:49,25,0,229,Medium Blue
2025-03-17 12:49:49,29,0,245,Blue
2025-03-17 12:49:49,43,3,255,Electric Ultramarine
2025-03-17 12:49:49,47,5,255,Electric Ultramarine
2025-03-17 12:49:49,45,14,255,Electric Ultramarine
2025-03-17 12:49:49,49,29,245,Electric Ultramarine
2025-03-17 12:49:49,139,129,138,Taupe Gray
2025-03-17 12:49:49,190,173,179,Gray (X11 Gray)
2025-03-17 12:49:49,188,174,173,Ash Grey
2025-03-17 12:49:49,188,174,173,Ash Grey
2025-03-17 12:49:49,186,170,169,Rose Quartz
2025-03-17 12:49:49,121,108,127,Old Lavender
2025-03-17 12:49:49,53,36,67,Onyx
2025-03-17 12:49:49,38,33,66,Onyx
2025-03-17 12:49:50,32,25,49,Dark Jungle Green
2025-03-17 12:49:50,46,33,56,Onyx
2025-03-17 12:49:50,45,28,55,Onyx
2025-03-17 12:49:50,174,136,124,Light Taupe
2025-03-17 12:49:50,188,150,142,Rosy Brown
2025-03-17 12:49:50,188,150,142,Rosy Brown
2025-03-17 12:49:50,192,154,153,Rosy Brown
2025-03-17 12:49:50,180,144,137,Rosy Brown
2025-03-17 12:49:50,176,137,137,Rosy Brown
2025-03-17 12:49:50,171,132,135,Mountbatten Pink
2025-03-17 12:49:50,171,128,131,Turkish Rose
2025-03-17 12:49:50,166,129,131,Cinereous
2025-03-17 12:49:50,165,129,128,Cinereous
2025-03-17 12:49:50,171,130,126,Cinereous
2025-03-17 12:49:50,164,127,127,Cinereous
2025-03-17 12:49:50,143,105,104,Copper Rose
2025-03-17 12:49:50,143,105,104,Copper Rose
2025-03-17 12:49:50,120,83,80,Tuscan Red
2025-03-17 12:49:50,111,77,69,Medium Taupe
2025-03-17 12:49:50,109,78,69,Medium Taupe
2025-03-17 12:49:50,76,49,51,Taupe
2025-03-17 12:49:50,30,17,29,Licorice
2025-03-17 12:49:50,32,24,42,Dark Jungle Green
2025-03-17 12:49:50,29,20,40,Dark Jungle Green
2025-03-17 12:49:50,36,21,43,Dark Jungle Green
2025-03-17 12:49:50,36,21,43,Dark Jungle Green
2025-03-17 12:49:50,32,24,44,Dark Jungle Green
2025-03-17 12:49:50,38,25,46,Dark Jungle Green
2025-03-17 12:49:50,25,18,38,Dark Jungle Green
2025-03-17 12:49:51,24,20,41,Dark Jungle Green
2025-03-17 12:49:51,29,20,38,Dark Jungle Green
2025-03-17 12:49:51,22,20,39,Dark Jungle Green
2025-03-17 12:49:51,32,19,40,Dark Jungle Green
2025-03-17 12:49:51,28,19,35,Dark Jungle Green
2025-03-17 12:49:51,38,22,42,Dark Jungle Green
2025-03-17 12:49:51,31,22,47,Dark Jungle Green
2025-03-17 12:49:51,32,25,45,Dark Jungle Green
2025-03-17 12:49:51,40,24,46,Dark Jungle Green
2025-03-17 12:49:51,34,31,47,Dark Jungle Green
2025-03-17 12:49:51,35,26,46,Dark Jungle Green
2025-03-17 12:49:51,38,24,50,Dark Jungle Green
2025-03-17 12:49:51,40,24,48,Dark Jungle Green
2025-03-17 12:49:51,78,43,53,Taupe
2025-03-17 12:49:51,133,98,92,Rose Taupe
2025-03-17 12:49:51,156,120,112,Beaver
2025-03-17 12:49:51,169,126,122,Beaver
2025-03-17 12:49:51,171,134,134,Rosy Brown
2025-03-17 12:49:51,172,138,139,Rosy Brown
2025-03-17 12:49:51,173,136,138,Rosy Brown
2025-03-17 12:49:51,173,136,138,Rosy Brown
2025-03-17 12:49:51,171,132,135,Mountbatten Pink
2025-03-17 12:49:51,166,129,131,Cinereous
2025-03-17 12:49:51,164,123,123,Bazaar
2025-03-17 12:49:51,162,124,115,Beaver
2025-03-17 12:49:51,170,125,117,Beaver
2025-03-17 12:49:51,161,123,114,Beaver
2025-03-17 12:49:51,157,119,112,Beaver
2025-03-17 12:49:51,154,115,115,Bazaar
2025-03-17 12:49:51,160,124,121,Cinereous
2025-03-17 12:49:51,163,129,130,Cinereous
2025-03-17 12:49:52,163,124,126,Cinereous
2025-03-17 12:49:52,151,119,117,Bazaar
2025-03-17 12:49:52,143,110,106,Copper Rose
2025-03-17 12:49:52,152,121,114,Bazaar
2025-03-17 12:49:52,161,125,122,Cinereous
2025-03-17 12:49:52,167,124,120,Beaver
2025-03-17 12:49:52,161,122,120,Bazaar
2025-03-17 12:49:52,151,118,112,Bazaar
2025-03-17 12:49:52,149,113,105,Copper Rose
2025-03-17 12:49:52,145,109,104,Copper Rose
2025-03-17 12:49:52,145,107,99,Dark Chestnut
2025-03-17 12:49:52,146,106,97,Dark Chestnut
2025-03-17 12:49:52,146,111,99,Dark Chestnut
2025-03-17 12:49:52,144,108,100,Dark Chestnut
2025-03-17 12:49:52,149,113,107,Copper Rose
2025-03-17 12:49:52,156,115,109,Blast-Off Bronze
2025-03-17 12:49:52,155,117,114,Bazaar
