Timestamp,R,G,B,Detected Color
2025-03-17 12:50:43,100,107,148,brown
2025-03-17 12:50:44,106,106,145,brown
2025-03-17 12:50:44,103,109,142,brown
2025-03-17 12:50:44,102,110,143,brown
2025-03-17 12:50:44,105,113,149,brown
2025-03-17 12:50:44,111,114,150,brown
2025-03-17 12:50:44,112,115,149,brown
2025-03-17 12:50:44,107,117,152,brown
2025-03-17 12:50:44,111,116,154,brown
2025-03-17 12:50:44,104,116,154,brown
2025-03-17 12:50:44,107,116,154,brown
2025-03-17 12:50:44,106,117,157,brown
2025-03-17 12:50:44,107,117,152,brown
2025-03-17 12:50:44,109,119,154,brown
2025-03-17 12:50:44,106,116,160,brown
2025-03-17 12:50:44,108,116,159,brown
2025-03-17 12:50:44,106,118,163,brown
2025-03-17 12:50:44,108,118,163,brown
2025-03-17 12:50:44,107,119,156,brown
2025-03-17 12:50:44,107,120,164,brown
2025-03-17 12:50:44,108,123,169,brown
2025-03-17 12:50:44,108,123,169,brown
2025-03-17 12:50:44,109,125,173,brown
2025-03-17 12:50:44,117,127,174,brown
2025-03-17 12:50:44,111,128,172,brown
2025-03-17 12:50:44,109,125,172,brown
2025-03-17 12:50:44,109,128,174,brown
2025-03-17 12:50:44,110,126,173,brown
2025-03-17 12:50:44,117,127,174,brown
2025-03-17 12:50:44,112,128,177,brown
2025-03-17 12:50:44,118,135,179,brown
2025-03-17 12:50:45,127,136,183,brown
2025-03-17 12:50:45,133,138,187,brown
2025-03-17 12:50:45,134,142,187,brown
2025-03-17 12:50:45,139,144,191,brown
2025-03-17 12:50:45,142,147,195,brown
2025-03-17 12:50:45,145,150,195,brown
2025-03-17 12:50:45,145,150,195,brown
2025-03-17 12:50:45,149,150,186,brown
2025-03-17 12:50:45,158,160,192,grey
2025-03-17 12:50:45,162,162,200,brown
2025-03-17 12:50:45,166,161,200,grey
2025-03-17 12:50:45,155,158,204,brown
2025-03-17 12:50:45,138,148,193,brown
2025-03-17 12:50:45,138,148,193,brown
2025-03-17 12:50:45,96,111,162,brown
2025-03-17 12:50:45,83,94,153,brown
2025-03-17 12:50:45,24,19,72,black
2025-03-17 12:50:45,4,1,74,red
2025-03-17 12:50:45,21,19,255,red
2025-03-17 12:50:45,22,20,255,red
2025-03-17 12:50:45,21,22,255,red
2025-03-17 12:50:45,12,20,255,red
2025-03-17 12:50:45,15,21,255,red
2025-03-17 12:50:45,15,18,255,red
2025-03-17 12:50:45,15,18,255,red
2025-03-17 12:50:45,5,15,255,red
2025-03-17 12:50:45,13,16,255,red
2025-03-17 12:50:45,13,18,255,red
2025-03-17 12:50:45,10,20,255,red
2025-03-17 12:50:45,25,21,255,red
2025-03-17 12:50:46,32,28,255,red
2025-03-17 12:50:46,31,20,255,red
2025-03-17 12:50:46,42,33,255,red
2025-03-17 12:50:46,42,57,255,orange
2025-03-17 12:50:46,42,57,255,orange
2025-03-17 12:50:46,40,77,255,orange
2025-03-17 12:50:46,44,83,255,orange
2025-03-17 12:50:46,41,88,255,orange
2025-03-17 12:50:46,57,95,255,orange
2025-03-17 12:50:46,53,96,255,orange
2025-03-17 12:50:46,56,99,255,orange
2025-03-17 12:50:46,51,97,255,orange
2025-03-17 12:50:46,52,98,255,orange
2025-03-17 12:50:46,53,96,255,orange
2025-03-17 12:50:46,57,95,255,orange
2025-03-17 12:50:46,57,95,255,orange
2025-03-17 12:50:46,50,100,255,orange
2025-03-17 12:50:46,50,100,255,orange
2025-03-17 12:50:46,48,98,255,orange
2025-03-17 12:50:46,48,98,255,orange
2025-03-17 12:50:46,44,92,255,orange
2025-03-17 12:50:46,37,89,255,orange
2025-03-17 12:50:46,41,82,255,orange
2025-03-17 12:50:46,44,78,255,orange
2025-03-17 12:50:46,38,75,255,orange
2025-03-17 12:50:46,38,75,255,orange
2025-03-17 12:50:46,39,73,255,orange
2025-03-17 12:50:46,44,71,255,orange
2025-03-17 12:50:46,40,74,255,orange
2025-03-17 12:50:46,35,71,255,orange
2025-03-17 12:50:46,42,71,255,orange
2025-03-17 12:50:47,51,21,255,red
2025-03-17 12:50:47,46,21,255,red
2025-03-17 12:50:47,46,21,255,red
2025-03-17 12:50:47,46,21,255,red
2025-03-17 12:50:47,48,23,255,red
2025-03-17 12:50:47,48,23,255,red
2025-03-17 12:50:47,48,21,255,red
2025-03-17 12:50:47,44,22,255,red
2025-03-17 12:50:47,44,22,255,red
2025-03-17 12:50:47,42,22,255,red
2025-03-17 12:50:47,42,22,255,red
2025-03-17 12:50:47,29,21,255,red
2025-03-17 12:50:47,36,23,255,red
2025-03-17 12:50:47,28,19,255,red
2025-03-17 12:50:47,22,20,255,red
2025-03-17 12:50:47,31,20,255,red
2025-03-17 12:50:47,31,20,255,red
2025-03-17 12:50:47,25,21,255,red
2025-03-17 12:50:47,23,21,255,red
2025-03-17 12:50:47,22,20,255,red
2025-03-17 12:50:47,31,20,255,red
2025-03-17 12:50:47,29,21,255,red
2025-03-17 12:50:47,40,22,255,red
2025-03-17 12:50:47,27,21,255,red
2025-03-17 12:50:47,22,20,255,red
2025-03-17 12:50:47,33,20,255,red
2025-03-17 12:50:47,33,20,255,red
2025-03-17 12:50:47,28,19,255,red
2025-03-17 12:50:47,22,20,255,red
2025-03-17 12:50:47,27,21,255,red
2025-03-17 12:50:48,24,20,255,red
2025-03-17 12:50:48,25,21,255,red
2025-03-17 12:50:48,25,21,255,red
2025-03-17 12:50:48,31,20,255,red
2025-03-17 12:50:48,34,23,255,red
2025-03-17 12:50:48,36,23,255,red
2025-03-17 12:50:48,28,19,255,red
2025-03-17 12:50:48,31,20,255,red
2025-03-17 12:50:48,22,20,255,red
2025-03-17 12:50:48,29,21,255,red
2025-03-17 12:50:48,31,20,255,red
2025-03-17 12:50:48,31,20,255,red
2025-03-17 12:50:48,36,23,255,red
2025-03-17 12:50:48,31,20,255,red
2025-03-17 12:50:48,33,20,255,red
2025-03-17 12:50:48,36,23,255,red
2025-03-17 12:50:48,24,20,255,red
2025-03-17 12:50:48,28,19,255,red
2025-03-17 12:50:48,31,20,255,red
2025-03-17 12:50:48,40,22,255,red
2025-03-17 12:50:48,31,20,255,red
2025-03-17 12:50:48,36,20,255,red
2025-03-17 12:50:48,33,20,255,red
2025-03-17 12:50:48,31,20,255,red
2025-03-17 12:50:48,33,20,255,red
2025-03-17 12:50:48,31,20,255,red
2025-03-17 12:50:48,27,21,255,red
2025-03-17 12:50:48,25,21,255,red
2025-03-17 12:50:48,27,21,255,red
2025-03-17 12:50:48,34,23,255,red
2025-03-17 12:50:49,40,22,255,red
2025-03-17 12:50:49,34,23,255,red
2025-03-17 12:50:49,31,20,255,red
2025-03-17 12:50:49,25,21,255,red
2025-03-17 12:50:49,40,22,255,red
2025-03-17 12:50:49,35,21,255,red
2025-03-17 12:50:49,31,29,255,red
2025-03-17 12:50:49,33,27,255,red
2025-03-17 12:50:49,32,23,255,red
2025-03-17 12:50:49,31,29,255,red
2025-03-17 12:50:49,26,25,255,red
2025-03-17 12:50:49,36,25,255,red
2025-03-17 12:50:49,32,23,255,red
2025-03-17 12:50:49,29,35,255,red
2025-03-17 12:50:49,32,23,255,red
2025-03-17 12:50:49,25,30,255,red
2025-03-17 12:50:49,31,29,255,red
2025-03-17 12:50:49,25,24,255,red
2025-03-17 12:50:49,34,34,255,red
2025-03-17 12:50:49,33,24,255,red
2025-03-17 12:50:49,32,37,255,red
2025-03-17 12:50:49,27,32,255,red
2025-03-17 12:50:49,33,36,255,red
2025-03-17 12:50:49,28,25,255,red
2025-03-17 12:50:49,31,36,255,red
2025-03-17 12:50:49,20,31,255,red
2025-03-17 12:50:49,27,35,255,red
2025-03-17 12:50:49,37,38,255,red
2025-03-17 12:50:49,25,42,255,red
2025-03-17 12:50:49,32,42,255,red
2025-03-17 12:50:50,16,37,255,red
2025-03-17 12:50:50,27,35,255,red
2025-03-17 12:50:50,27,37,255,red
2025-03-17 12:50:50,22,20,255,red
2025-03-17 12:50:50,26,20,255,red
2025-03-17 12:50:50,27,21,255,red
2025-03-17 12:50:50,27,21,255,red
2025-03-17 12:50:50,26,20,255,red
2025-03-17 12:50:50,31,20,255,red
2025-03-17 12:50:50,29,21,255,red
2025-03-17 12:50:50,24,20,255,red
2025-03-17 12:50:50,29,21,255,red
2025-03-17 12:50:50,23,21,255,red
2025-03-17 12:50:50,31,20,255,red
2025-03-17 12:50:50,22,20,255,red
2025-03-17 12:50:50,23,21,255,red
2025-03-17 12:50:50,24,20,255,red
2025-03-17 12:50:50,22,20,255,red
2025-03-17 12:50:50,25,21,255,red
2025-03-17 12:50:50,16,19,255,red
2025-03-17 12:50:50,25,21,255,red
2025-03-17 12:50:50,29,21,255,red
2025-03-17 12:50:50,20,20,255,red
2025-03-17 12:50:50,22,20,255,red
2025-03-17 12:50:50,21,22,255,red
2025-03-17 12:50:50,28,19,255,red
2025-03-17 12:50:50,20,20,255,red
2025-03-17 12:50:50,21,22,255,red
2025-03-17 12:50:50,27,21,255,red
2025-03-17 12:50:51,23,21,255,red
2025-03-17 12:50:51,23,21,255,red
2025-03-17 12:50:51,20,20,255,red
2025-03-17 12:50:51,17,21,255,red
2025-03-17 12:50:51,22,20,255,red
2025-03-17 12:50:51,27,21,255,red
2025-03-17 12:50:51,28,19,255,red
2025-03-17 12:50:51,24,20,255,red
2025-03-17 12:50:51,22,20,255,red
2025-03-17 12:50:51,27,21,255,red
2025-03-17 12:50:51,22,20,255,red
2025-03-17 12:50:51,22,20,255,red
2025-03-17 12:50:51,20,20,255,red
2025-03-17 12:50:51,23,21,255,red
2025-03-17 12:50:51,25,21,255,red
2025-03-17 12:50:51,22,20,255,red
2025-03-17 12:50:51,24,20,255,red
2025-03-17 12:50:51,17,21,255,red
2025-03-17 12:50:51,29,21,255,red
2025-03-17 12:50:51,10,20,255,red
2025-03-17 12:50:51,24,20,255,red
2025-03-17 12:50:51,21,19,255,red
2025-03-17 12:50:51,29,21,255,red
2025-03-17 12:50:51,22,20,255,red
2025-03-17 12:50:51,20,20,255,red
2025-03-17 12:50:51,20,20,255,red
2025-03-17 12:50:51,29,21,255,red
2025-03-17 12:50:51,21,22,255,red
2025-03-17 12:50:51,25,21,255,red
2025-03-17 12:50:51,23,21,255,red
2025-03-17 12:50:52,13,21,255,red
2025-03-17 12:50:52,15,21,255,red
2025-03-17 12:50:52,25,21,255,red
2025-03-17 12:50:52,27,21,255,red
2025-03-17 12:50:52,25,21,255,red
2025-03-17 12:50:52,25,24,255,red
2025-03-17 12:50:52,25,24,255,red
2025-03-17 12:50:52,29,21,255,red
2025-03-17 12:50:52,35,24,255,red
2025-03-17 12:50:52,23,21,255,red
2025-03-17 12:50:52,27,21,255,red
2025-03-17 12:50:52,26,29,255,red
2025-03-17 12:50:52,26,29,255,red
2025-03-17 12:50:52,30,28,255,red
2025-03-17 12:50:52,25,26,255,red
2025-03-17 12:50:52,36,28,255,red
2025-03-17 12:50:52,33,24,255,red
2025-03-17 12:50:52,33,24,255,red
2025-03-17 12:50:52,38,25,255,red
2025-03-17 12:50:52,39,29,255,red
2025-03-17 12:50:52,35,26,255,red
2025-03-17 12:50:52,24,29,255,red
2025-03-17 12:50:52,39,30,255,red
2025-03-17 12:50:52,40,36,255,red
2025-03-17 12:50:52,37,40,255,red
2025-03-17 12:50:52,39,38,255,red
2025-03-17 12:50:52,40,36,255,red
2025-03-17 12:50:52,36,25,255,red
2025-03-17 12:50:52,36,25,255,red
2025-03-17 12:50:52,39,35,255,red
2025-03-17 12:50:52,39,30,255,red
2025-03-17 12:50:53,38,36,255,red
2025-03-17 12:50:53,42,42,255,red
2025-03-17 12:50:53,34,53,255,orange
2025-03-17 12:50:53,43,63,255,orange
2025-03-17 12:50:53,42,71,255,orange
2025-03-17 12:50:53,39,80,255,orange
2025-03-17 12:50:53,56,33,255,red
2025-03-17 12:50:53,56,33,255,red
2025-03-17 12:50:53,37,29,255,red
2025-03-17 12:50:53,45,41,255,red
2025-03-17 12:50:53,48,48,255,red
2025-03-17 12:50:53,58,56,255,orange
2025-03-17 12:50:53,58,56,255,orange
2025-03-17 12:50:53,58,50,255,red
2025-03-17 12:50:53,51,49,255,red
2025-03-17 12:50:53,48,48,255,red
2025-03-17 12:50:53,56,45,255,red
2025-03-17 12:50:53,55,35,255,red
2025-03-17 12:50:53,55,35,255,red
2025-03-17 12:50:53,57,37,255,red
2025-03-17 12:50:53,55,37,255,red
2025-03-17 12:50:53,55,26,255,red
2025-03-17 12:50:53,55,26,255,red
2025-03-17 12:50:53,55,23,255,red
2025-03-17 12:50:53,51,21,255,red
2025-03-17 12:50:53,48,21,255,red
2025-03-17 12:50:53,56,22,255,red
2025-03-17 12:50:53,55,26,255,red
2025-03-17 12:50:53,53,23,255,red
2025-03-17 12:50:53,53,23,255,red
2025-03-17 12:50:54,53,23,255,red
2025-03-17 12:50:54,62,28,255,red
2025-03-17 12:50:54,54,22,255,red
2025-03-17 12:50:54,52,22,255,red
2025-03-17 12:50:54,56,22,255,red
2025-03-17 12:50:54,49,26,255,red
2025-03-17 12:50:54,46,21,255,red
2025-03-17 12:50:54,44,22,255,red
2025-03-17 12:50:54,44,22,255,red
2025-03-17 12:50:54,44,22,255,red
2025-03-17 12:50:54,40,20,255,red
2025-03-17 12:50:54,42,22,255,red
2025-03-17 12:50:54,38,20,255,red
2025-03-17 12:50:54,44,22,255,red
2025-03-17 12:50:54,42,22,255,red
2025-03-17 12:50:54,38,20,255,red
2025-03-17 12:50:54,33,20,255,red
2025-03-17 12:50:54,31,20,255,red
2025-03-17 12:50:54,20,20,255,red
2025-03-17 12:50:54,20,20,255,red
2025-03-17 12:50:54,20,20,255,red
2025-03-17 12:50:54,13,21,255,red
2025-03-17 12:50:54,10,20,255,red
2025-03-17 12:50:54,4,21,255,red
2025-03-17 12:50:54,4,21,255,red
2025-03-17 12:50:54,8,20,255,red
2025-03-17 12:50:54,8,20,255,red
2025-03-17 12:50:54,4,21,255,red
2025-03-17 12:50:54,9,21,255,red
2025-03-17 12:50:54,8,20,255,red
2025-03-17 12:50:55,4,21,255,red
2025-03-17 12:50:55,15,21,255,red
2025-03-17 12:50:55,13,21,255,red
2025-03-17 12:50:55,20,20,255,red
2025-03-17 12:50:55,13,21,255,red
2025-03-17 12:50:55,8,20,255,red
2025-03-17 12:50:55,11,21,255,red
2025-03-17 12:50:55,11,21,255,red
2025-03-17 12:50:55,10,20,255,red
2025-03-17 12:50:55,7,19,255,red
2025-03-17 12:50:55,6,18,255,red
2025-03-17 12:50:55,0,15,255,red
2025-03-17 12:50:55,0,11,255,red
2025-03-17 12:50:55,5,8,255,red
2025-03-17 12:50:55,0,5,255,red
2025-03-17 12:50:55,0,2,254,red
2025-03-17 12:50:55,0,1,251,red
2025-03-17 12:50:55,0,1,251,red
2025-03-17 12:50:55,0,2,247,red
2025-03-17 12:50:55,0,4,255,red
2025-03-17 12:50:55,0,4,255,red
2025-03-17 12:50:55,0,6,255,red
2025-03-17 12:50:55,4,7,255,red
2025-03-17 12:50:55,0,5,255,red
2025-03-17 12:50:55,0,7,255,red
2025-03-17 12:50:55,0,6,255,red
2025-03-17 12:50:55,4,9,255,red
2025-03-17 12:50:55,0,9,255,red
2025-03-17 12:50:55,0,10,255,red
2025-03-17 12:50:55,1,16,255,red
2025-03-17 12:50:56,0,11,255,red
2025-03-17 12:50:56,0,17,255,red
2025-03-17 12:50:56,0,15,255,red
2025-03-17 12:50:56,0,17,255,red
2025-03-17 12:50:56,0,16,255,red
2025-03-17 12:50:56,6,18,255,red
2025-03-17 12:50:56,0,19,255,red
2025-03-17 12:50:56,5,15,255,red
2025-03-17 12:50:56,0,15,255,red
2025-03-17 12:50:56,0,16,255,red
2025-03-17 12:50:56,0,13,255,red
2025-03-17 12:50:56,0,15,255,red
2025-03-17 12:50:56,2,14,255,red
2025-03-17 12:50:56,0,15,255,red
2025-03-17 12:50:56,0,12,255,red
2025-03-17 12:50:56,0,13,255,red
2025-03-17 12:50:56,0,11,255,red
2025-03-17 12:50:56,0,13,255,red
2025-03-17 12:50:56,0,12,255,red
2025-03-17 12:50:56,0,13,255,red
2025-03-17 12:50:56,8,14,255,red
2025-03-17 12:50:56,0,12,255,red
2025-03-17 12:50:56,3,16,255,red
2025-03-17 12:50:56,5,15,255,red
2025-03-17 12:50:56,6,18,255,red
2025-03-17 12:50:56,0,19,255,red
2025-03-17 12:50:56,3,18,255,red
2025-03-17 12:50:56,2,20,255,red
2025-03-17 12:50:56,8,20,255,red
2025-03-17 12:50:57,11,21,255,red
2025-03-17 12:50:57,13,21,255,red
2025-03-17 12:50:57,10,20,255,red
2025-03-17 12:50:57,10,20,255,red
2025-03-17 12:50:57,11,21,255,red
2025-03-17 12:50:57,13,21,255,red
2025-03-17 12:50:57,8,20,255,red
2025-03-17 12:50:57,13,21,255,red
2025-03-17 12:50:57,9,21,255,red
2025-03-17 12:50:57,8,20,255,red
2025-03-17 12:50:57,2,21,255,red
2025-03-17 12:50:57,8,20,255,red
2025-03-17 12:50:57,8,20,255,red
2025-03-17 12:50:57,0,19,255,red
2025-03-17 12:50:57,0,18,255,red
2025-03-17 12:50:57,7,15,255,red
2025-03-17 12:50:57,0,10,255,red
2025-03-17 12:50:57,0,10,255,red
2025-03-17 12:50:57,2,9,255,red
2025-03-17 12:50:57,0,7,255,red
2025-03-17 12:50:57,0,7,255,red
2025-03-17 12:50:57,0,7,255,red
2025-03-17 12:50:57,0,7,255,red
2025-03-17 12:50:57,0,10,255,red
2025-03-17 12:50:57,0,10,255,red
2025-03-17 12:50:57,0,7,255,red
2025-03-17 12:50:57,0,10,255,red
2025-03-17 12:50:57,0,9,255,red
2025-03-17 12:50:57,0,8,255,red
2025-03-17 12:50:57,0,8,255,red
2025-03-17 12:50:58,0,10,255,red
2025-03-17 12:50:58,0,10,255,red
2025-03-17 12:50:58,0,10,255,red
2025-03-17 12:50:58,0,8,255,red
2025-03-17 12:50:58,0,10,255,red
2025-03-17 12:50:58,0,8,255,red
2025-03-17 12:50:58,0,9,255,red
2025-03-17 12:50:58,0,10,255,red
2025-03-17 12:50:58,0,8,255,red
2025-03-17 12:50:58,0,9,255,red
2025-03-17 12:50:58,0,9,255,red
2025-03-17 12:50:58,0,9,255,red
2025-03-17 12:50:58,0,8,255,red
2025-03-17 12:50:58,0,10,255,red
2025-03-17 12:50:58,0,9,255,red
2025-03-17 12:50:58,0,11,255,red
2025-03-17 12:50:58,0,10,255,red
2025-03-17 12:50:58,0,10,255,red
2025-03-17 12:50:58,5,8,255,red
2025-03-17 12:50:58,5,8,255,red
2025-03-17 12:50:58,4,9,255,red
2025-03-17 12:50:58,4,14,255,red
2025-03-17 12:50:58,0,8,255,red
2025-03-17 12:50:58,0,8,255,red
2025-03-17 12:50:58,0,10,255,red
2025-03-17 12:50:58,0,15,255,red
2025-03-17 12:50:58,4,21,255,red
2025-03-17 12:50:58,4,21,255,red
2025-03-17 12:50:58,2,21,255,red
2025-03-17 12:50:58,3,34,255,red
2025-03-17 12:50:58,3,34,255,red
2025-03-17 12:50:59,9,26,255,red
2025-03-17 12:50:59,17,30,255,red
2025-03-17 12:50:59,14,22,255,red
2025-03-17 12:50:59,24,28,255,red
2025-03-17 12:50:59,21,36,255,red
2025-03-17 12:50:59,26,34,255,red
2025-03-17 12:50:59,18,26,255,red
2025-03-17 12:50:59,23,26,255,red
2025-03-17 12:50:59,23,30,255,red
2025-03-17 12:50:59,23,30,255,red
2025-03-17 12:50:59,12,34,255,red
2025-03-17 12:50:59,14,31,255,red
2025-03-17 12:50:59,0,24,255,red
2025-03-17 12:50:59,0,1,246,red
2025-03-17 12:50:59,0,0,238,red
2025-03-17 12:50:59,0,0,222,red
2025-03-17 12:50:59,0,0,149,red
2025-03-17 12:50:59,101,102,136,brown
2025-03-17 12:50:59,103,106,151,brown
2025-03-17 12:50:59,118,120,143,grey
2025-03-17 12:50:59,118,120,143,grey
2025-03-17 12:50:59,165,165,183,grey
2025-03-17 12:50:59,166,163,179,grey
2025-03-17 12:50:59,168,163,182,grey
2025-03-17 12:50:59,166,169,187,grey
2025-03-17 12:50:59,76,47,73,black
2025-03-17 12:50:59,61,36,54,black
2025-03-17 12:50:59,53,35,57,black
2025-03-17 12:50:59,57,30,62,black
2025-03-17 12:51:00,46,23,64,black
2025-03-17 12:51:00,50,30,59,black
2025-03-17 12:51:00,50,30,59,black
2025-03-17 12:51:00,47,21,67,black
2025-03-17 12:51:00,9,0,47,black
2025-03-17 12:51:00,6,2,50,black
2025-03-17 12:51:00,40,22,62,black
2025-03-17 12:51:00,52,33,67,black
2025-03-17 12:51:00,60,34,59,black
2025-03-17 12:51:00,49,31,50,black
2025-03-17 12:51:00,45,27,49,black
2025-03-17 12:51:00,42,25,51,black
2025-03-17 12:51:00,42,25,51,black
2025-03-17 12:51:00,39,25,67,black
2025-03-17 12:51:00,55,54,89,brown
2025-03-17 12:51:00,81,81,120,brown
2025-03-17 12:51:00,91,97,131,brown
2025-03-17 12:51:00,105,111,154,brown
2025-03-17 12:51:00,109,130,167,brown
2025-03-17 12:51:00,109,124,169,brown
2025-03-17 12:51:00,122,136,187,brown
2025-03-17 12:51:00,129,139,186,brown
2025-03-17 12:51:00,131,142,194,brown
2025-03-17 12:51:00,131,142,194,brown
2025-03-17 12:51:00,138,144,196,brown
2025-03-17 12:51:00,141,148,200,brown
2025-03-17 12:51:00,148,152,204,brown
2025-03-17 12:51:00,156,157,202,brown
2025-03-17 12:51:00,151,156,203,brown
2025-03-17 12:51:00,148,153,201,brown
2025-03-17 12:51:00,151,152,198,brown
2025-03-17 12:51:01,148,154,199,brown
2025-03-17 12:51:01,134,145,196,brown
2025-03-17 12:51:01,128,142,200,brown
2025-03-17 12:51:01,128,142,200,brown
2025-03-17 12:51:01,133,150,205,brown
2025-03-17 12:51:01,138,159,218,brown
2025-03-17 12:51:01,143,165,219,brown
2025-03-17 12:51:01,152,164,229,brown
2025-03-17 12:51:01,148,161,225,brown
2025-03-17 12:51:01,146,162,222,brown
2025-03-17 12:51:01,141,155,213,brown
2025-03-17 12:51:01,137,152,214,brown
2025-03-17 12:51:01,139,153,211,brown
2025-03-17 12:51:01,132,147,210,brown
2025-03-17 12:51:01,134,148,206,brown
2025-03-17 12:51:01,133,147,205,brown
2025-03-17 12:51:01,130,146,204,brown
2025-03-17 12:51:01,133,148,203,brown
2025-03-17 12:51:01,131,148,203,brown
2025-03-17 12:51:01,136,147,208,brown
2025-03-17 12:51:01,131,147,205,brown
2025-03-17 12:51:01,125,138,187,brown
2025-03-17 12:51:01,53,54,100,brown
2025-03-17 12:51:01,65,75,120,brown
2025-03-17 12:51:01,107,115,167,brown
2025-03-17 12:51:01,130,140,185,brown
2025-03-17 12:51:01,140,152,190,brown
2025-03-17 12:51:01,127,135,171,brown
2025-03-17 12:51:01,38,30,85,black
2025-03-17 12:51:01,59,48,86,brown
2025-03-17 12:51:02,22,25,89,red
2025-03-17 12:51:02,0,19,187,red
2025-03-17 12:51:02,11,18,255,red
2025-03-17 12:51:02,5,22,255,red
2025-03-17 12:51:02,13,33,255,red
2025-03-17 12:51:02,8,25,255,red
2025-03-17 12:51:02,7,31,255,red
2025-03-17 12:51:02,16,37,255,red
2025-03-17 12:51:02,23,40,255,red
2025-03-17 12:51:02,6,35,255,red
2025-03-17 12:51:02,15,36,255,red
2025-03-17 12:51:02,13,39,255,red
2025-03-17 12:51:02,12,34,255,red
2025-03-17 12:51:02,10,32,255,red
2025-03-17 12:51:02,10,34,255,red
2025-03-17 12:51:02,15,27,255,red
2025-03-17 12:51:02,0,5,121,red
2025-03-17 12:51:02,13,1,91,red
2025-03-17 12:51:02,21,13,85,red
2025-03-17 12:51:02,31,14,89,red
2025-03-17 12:51:02,16,12,90,red
2025-03-17 12:51:02,4,6,104,red
2025-03-17 12:51:02,0,0,145,red
2025-03-17 12:51:02,0,7,245,red
2025-03-17 12:51:02,16,14,255,red
2025-03-17 12:51:02,6,7,255,red
2025-03-17 12:51:02,6,15,255,red
2025-03-17 12:51:02,9,19,255,red
2025-03-17 12:51:02,10,20,255,red
2025-03-17 12:51:03,20,20,255,red
2025-03-17 12:51:03,17,21,255,red
2025-03-17 12:51:03,12,20,255,red
2025-03-17 12:51:03,10,20,255,red
2025-03-17 12:51:03,17,21,255,red
2025-03-17 12:51:03,10,20,255,red
2025-03-17 12:51:03,10,20,255,red
2025-03-17 12:51:03,11,16,255,red
2025-03-17 12:51:03,0,0,197,red
2025-03-17 12:51:03,0,0,97,red
2025-03-17 12:51:03,0,0,71,red
2025-03-17 12:51:03,2,0,69,red
2025-03-17 12:51:03,23,14,70,black
2025-03-17 12:51:03,28,15,73,black
2025-03-17 12:51:03,12,3,61,black
2025-03-17 12:51:03,0,0,63,red
2025-03-17 12:51:03,0,0,80,red
2025-03-17 12:51:03,0,0,98,red
2025-03-17 12:51:03,0,0,112,red
2025-03-17 12:51:03,0,0,150,red
2025-03-17 12:51:03,0,0,176,red
2025-03-17 12:51:03,0,0,191,red
2025-03-17 12:51:03,0,4,213,red
2025-03-17 12:51:03,6,7,242,red
2025-03-17 12:51:03,2,5,239,red
2025-03-17 12:51:03,9,13,233,red
2025-03-17 12:51:03,0,0,199,red
2025-03-17 12:51:03,0,0,153,red
2025-03-17 12:51:03,0,0,126,red
2025-03-17 12:51:03,0,0,108,red
2025-03-17 12:51:03,0,0,114,red
2025-03-17 12:51:04,0,0,133,red
2025-03-17 12:51:04,0,0,158,red
2025-03-17 12:51:04,0,3,221,red
2025-03-17 12:51:04,0,12,255,red
2025-03-17 12:51:04,8,6,255,red
2025-03-17 12:51:04,0,5,255,red
2025-03-17 12:51:04,4,5,255,red
2025-03-17 12:51:04,2,5,255,red
2025-03-17 12:51:04,4,5,255,red
2025-03-17 12:51:04,2,5,255,red
2025-03-17 12:51:04,2,5,255,red
2025-03-17 12:51:04,1,4,255,red
2025-03-17 12:51:04,0,6,255,red
2025-03-17 12:51:04,4,5,255,red
2025-03-17 12:51:04,4,5,255,red
2025-03-17 12:51:04,11,5,255,red
2025-03-17 12:51:04,7,5,255,red
2025-03-17 12:51:04,0,7,255,red
2025-03-17 12:51:04,5,19,255,red
2025-03-17 12:51:04,11,18,254,red
2025-03-17 12:51:04,4,12,253,red
2025-03-17 12:51:04,6,7,255,red
2025-03-17 12:51:04,0,7,255,red
2025-03-17 12:51:04,3,9,255,red
2025-03-17 12:51:04,4,6,255,red
2025-03-17 12:51:04,5,8,255,red
2025-03-17 12:51:04,9,5,255,red
2025-03-17 12:51:04,4,7,255,red
2025-03-17 12:51:04,0,7,255,red
2025-03-17 12:51:05,2,10,255,red
2025-03-17 12:51:05,0,10,255,red
2025-03-17 12:51:05,2,11,255,red
2025-03-17 12:51:05,5,8,255,red
2025-03-17 12:51:05,5,8,255,red
2025-03-17 12:51:05,16,14,255,red
2025-03-17 12:51:05,8,15,253,red
2025-03-17 12:51:05,0,12,234,red
2025-03-17 12:51:05,0,8,195,red
2025-03-17 12:51:05,0,6,161,red
2025-03-17 12:51:05,0,4,132,red
2025-03-17 12:51:05,0,0,111,red
2025-03-17 12:51:05,0,0,109,red
2025-03-17 12:51:05,0,0,109,red
2025-03-17 12:51:05,0,0,161,red
2025-03-17 12:51:05,0,9,192,red
2025-03-17 12:51:05,0,19,217,red
2025-03-17 12:51:05,4,22,243,red
2025-03-17 12:51:05,11,17,255,red
2025-03-17 12:51:05,6,17,255,red
2025-03-17 12:51:05,0,16,252,red
2025-03-17 12:51:05,7,8,255,red
2025-03-17 12:51:05,2,5,255,red
2025-03-17 12:51:05,2,5,255,red
2025-03-17 12:51:05,5,8,255,red
2025-03-17 12:51:05,4,5,255,red
2025-03-17 12:51:05,7,8,255,red
2025-03-17 12:51:05,14,6,255,red
2025-03-17 12:51:05,7,8,255,red
2025-03-17 12:51:05,9,7,255,red
2025-03-17 12:51:06,4,5,255,red
2025-03-17 12:51:06,4,5,255,red
2025-03-17 12:51:06,0,6,255,red
2025-03-17 12:51:06,4,7,255,red
2025-03-17 12:51:06,4,7,255,red
2025-03-17 12:51:06,1,7,255,red
2025-03-17 12:51:06,0,7,255,red
2025-03-17 12:51:06,5,8,255,red
2025-03-17 12:51:06,0,7,255,red
2025-03-17 12:51:06,4,7,255,red
2025-03-17 12:51:06,4,7,255,red
2025-03-17 12:51:06,4,5,255,red
2025-03-17 12:51:06,6,6,255,red
2025-03-17 12:51:06,3,4,255,red
2025-03-17 12:51:06,3,4,255,red
2025-03-17 12:51:06,7,5,255,red
2025-03-17 12:51:06,0,6,255,red
2025-03-17 12:51:06,0,6,255,red
2025-03-17 12:51:06,8,6,255,red
2025-03-17 12:51:06,4,7,255,red
2025-03-17 12:51:06,4,5,255,red
2025-03-17 12:51:06,6,6,255,red
2025-03-17 12:51:06,3,4,255,red
2025-03-17 12:51:06,6,6,255,red
2025-03-17 12:51:06,2,5,255,red
2025-03-17 12:51:06,2,5,255,red
2025-03-17 12:51:06,7,5,255,red
2025-03-17 12:51:06,1,4,255,red
2025-03-17 12:51:06,2,5,255,red
2025-03-17 12:51:06,8,6,255,red
2025-03-17 12:51:06,2,5,255,red
2025-03-17 12:51:07,2,5,255,red
2025-03-17 12:51:07,0,4,255,red
2025-03-17 12:51:07,2,5,255,red
2025-03-17 12:51:07,2,5,255,red
2025-03-17 12:51:07,0,5,255,red
2025-03-17 12:51:07,0,5,255,red
2025-03-17 12:51:07,7,5,255,red
2025-03-17 12:51:07,7,5,255,red
2025-03-17 12:51:07,3,4,255,red
2025-03-17 12:51:07,1,4,255,red
2025-03-17 12:51:07,4,5,255,red
2025-03-17 12:51:07,2,5,255,red
2025-03-17 12:51:07,4,5,255,red
2025-03-17 12:51:07,2,3,255,red
2025-03-17 12:51:07,3,4,255,red
2025-03-17 12:51:07,3,4,255,red
2025-03-17 12:51:07,7,8,255,red
2025-03-17 12:51:07,7,5,255,red
2025-03-17 12:51:07,1,4,255,red
2025-03-17 12:51:07,3,4,255,red
2025-03-17 12:51:07,7,5,255,red
2025-03-17 12:51:07,7,8,255,red
2025-03-17 12:51:07,5,8,255,red
2025-03-17 12:51:07,3,4,255,red
2025-03-17 12:51:07,6,6,255,red
2025-03-17 12:51:07,4,5,255,red
2025-03-17 12:51:07,4,5,255,red
2025-03-17 12:51:07,2,10,255,red
2025-03-17 12:51:07,7,8,255,red
2025-03-17 12:51:07,4,5,255,red
2025-03-17 12:51:08,6,6,255,red
2025-03-17 12:51:08,3,5,255,red
2025-03-17 12:51:08,6,6,255,red
2025-03-17 12:51:08,0,9,255,red
2025-03-17 12:51:08,6,6,255,red
2025-03-17 12:51:08,0,5,255,red
2025-03-17 12:51:08,0,6,255,red
2025-03-17 12:51:08,4,8,255,red
2025-03-17 12:51:08,1,4,255,red
2025-03-17 12:51:08,0,9,255,red
2025-03-17 12:51:08,0,9,255,red
2025-03-17 12:51:08,7,9,255,red
2025-03-17 12:51:08,0,14,255,red
2025-03-17 12:51:08,0,16,247,red
2025-03-17 12:51:08,0,0,134,red
2025-03-17 12:51:08,0,0,74,red
2025-03-17 12:51:08,0,1,75,red
2025-03-17 12:51:08,5,5,64,red
2025-03-17 12:51:08,22,14,51,black
2025-03-17 12:51:08,23,15,39,black
2025-03-17 12:51:08,40,36,52,black
2025-03-17 12:51:08,101,118,155,brown
2025-03-17 12:51:08,99,121,162,brown
2025-03-17 12:51:08,111,122,164,brown
2025-03-17 12:51:08,109,123,174,brown
2025-03-17 12:51:08,108,122,173,brown
2025-03-17 12:51:08,110,123,167,brown
2025-03-17 12:51:08,108,123,169,brown
2025-03-17 12:51:08,107,123,164,brown
2025-03-17 12:51:08,102,119,163,brown
2025-03-17 12:51:09,105,117,163,brown
2025-03-17 12:51:09,102,113,153,brown
2025-03-17 12:51:09,105,111,144,brown
2025-03-17 12:51:09,54,56,106,brown
2025-03-17 12:51:09,50,64,113,brown
2025-03-17 12:51:09,68,85,131,brown
2025-03-17 12:51:09,81,93,131,brown
2025-03-17 12:51:09,53,63,87,brown
2025-03-17 12:51:09,22,6,26,black
2025-03-17 12:51:09,20,10,13,black
2025-03-17 12:51:09,14,6,20,black
2025-03-17 12:51:09,15,4,19,black
2025-03-17 12:51:09,11,7,7,black
2025-03-17 12:51:09,12,5,17,black
2025-03-17 12:51:09,12,6,14,black
2025-03-17 12:51:09,16,8,13,black
2025-03-17 12:51:09,14,4,9,black
2025-03-17 12:51:09,14,2,15,black
2025-03-17 12:51:09,7,1,15,black
2025-03-17 12:51:09,11,4,6,black
2025-03-17 12:51:09,18,5,11,black
2025-03-17 12:51:09,13,5,12,black
2025-03-17 12:51:09,12,4,9,black
2025-03-17 12:51:09,20,5,11,black
2025-03-17 12:51:09,15,6,9,black
2025-03-17 12:51:09,13,6,9,black
2025-03-17 12:51:09,13,4,16,black
2025-03-17 12:51:09,15,6,12,black
2025-03-17 12:51:09,18,5,11,black
2025-03-17 12:51:09,12,5,8,black
2025-03-17 12:51:10,15,6,14,black
2025-03-17 12:51:10,14,3,11,black
2025-03-17 12:51:10,21,5,14,black
2025-03-17 12:51:10,20,6,7,black
2025-03-17 12:51:10,22,5,18,black
2025-03-17 12:51:10,19,3,11,black
2025-03-17 12:51:10,23,7,18,black
2025-03-17 12:51:10,18,4,14,black
2025-03-17 12:51:10,12,6,14,black
2025-03-17 12:51:10,23,5,14,black
2025-03-17 12:51:10,17,5,17,black
2025-03-17 12:51:10,23,3,19,black
2025-03-17 12:51:10,20,8,11,black
2025-03-17 12:51:10,22,4,12,black
2025-03-17 12:51:10,24,6,15,black
2025-03-17 12:51:10,22,4,12,black
2025-03-17 12:51:10,18,5,9,black
2025-03-17 12:51:10,21,1,17,black
2025-03-17 12:51:10,17,2,8,black
2025-03-17 12:51:10,20,5,11,black
2025-03-17 12:51:10,20,5,11,black
2025-03-17 12:51:10,13,3,6,black
2025-03-17 12:51:10,20,5,11,black
2025-03-17 12:51:10,15,5,11,black
2025-03-17 12:51:10,11,3,8,black
2025-03-17 12:51:10,10,4,11,black
2025-03-17 12:51:10,8,0,3,black
2025-03-17 12:51:10,12,0,10,black
2025-03-17 12:51:10,14,0,10,black
2025-03-17 12:51:11,8,4,13,black
2025-03-17 12:51:11,5,0,5,black
2025-03-17 12:51:11,5,0,5,black
2025-03-17 12:51:11,11,0,6,black
2025-03-17 12:51:11,12,0,5,black
2025-03-17 12:51:11,8,0,5,black
2025-03-17 12:51:11,5,0,8,black
2025-03-17 12:51:11,2,0,4,black
2025-03-17 12:51:11,11,0,4,black
2025-03-17 12:51:11,12,0,7,black
2025-03-17 12:51:11,7,0,11,black
2025-03-17 12:51:11,4,0,10,black
2025-03-17 12:51:11,4,0,4,black
2025-03-17 12:51:11,9,0,10,black
2025-03-17 12:51:11,13,0,8,black
2025-03-17 12:51:11,17,2,8,black
2025-03-17 12:51:11,15,2,10,black
2025-03-17 12:51:11,15,3,8,black
2025-03-17 12:51:11,9,3,10,black
2025-03-17 12:51:11,16,2,15,black
2025-03-17 12:51:11,14,4,9,black
2025-03-17 12:51:11,16,3,13,black
2025-03-17 12:51:11,20,3,16,black
2025-03-17 12:51:11,20,7,15,black
2025-03-17 12:51:11,19,3,11,black
2025-03-17 12:51:11,19,3,11,black
2025-03-17 12:51:11,22,2,18,black
2025-03-17 12:51:11,21,6,10,black
2025-03-17 12:51:11,15,5,11,black
2025-03-17 12:51:11,21,5,14,black
2025-03-17 12:51:12,22,9,17,black
2025-03-17 12:51:12,24,2,18,black
2025-03-17 12:51:12,15,6,12,black
2025-03-17 12:51:12,21,5,14,black
2025-03-17 12:51:12,23,7,18,black
2025-03-17 12:51:12,20,4,14,black
2025-03-17 12:51:12,20,4,14,black
2025-03-17 12:51:12,18,4,14,black
2025-03-17 12:51:12,20,5,11,black
2025-03-17 12:51:12,12,3,15,black
2025-03-17 12:51:12,21,4,17,black
2025-03-17 12:51:12,15,2,10,black
2025-03-17 12:51:12,9,2,12,black
2025-03-17 12:51:12,12,2,17,black
2025-03-17 12:51:12,12,4,11,black
2025-03-17 12:51:12,9,2,12,black
2025-03-17 12:51:12,4,0,13,black
2025-03-17 12:51:12,4,0,13,black
2025-03-17 12:51:12,11,0,2,black
2025-03-17 12:51:12,11,0,10,black
2025-03-17 12:51:12,4,0,11,black
2025-03-17 12:51:12,9,0,18,black
2025-03-17 12:51:12,11,0,21,black
2025-03-17 12:51:12,9,0,10,black
2025-03-17 12:51:12,0,0,13,black
2025-03-17 12:51:12,4,4,24,black
2025-03-17 12:51:12,2,0,15,black
2025-03-17 12:51:12,2,0,15,black
2025-03-17 12:51:12,12,3,24,black
2025-03-17 12:51:12,9,3,21,black
2025-03-17 12:51:12,13,8,18,black
2025-03-17 12:51:13,14,13,27,black
2025-03-17 12:51:13,14,6,30,black
2025-03-17 12:51:13,7,5,24,black
2025-03-17 12:51:13,9,6,20,black
2025-03-17 12:51:13,5,7,30,black
2025-03-17 12:51:13,7,2,23,black
2025-03-17 12:51:13,4,5,21,black
2025-03-17 12:51:13,4,5,21,black
2025-03-17 12:51:13,11,6,25,black
2025-03-17 12:51:13,10,8,26,black
2025-03-17 12:51:13,22,18,36,black
2025-03-17 12:51:13,23,17,43,black
2025-03-17 12:51:13,25,26,53,black
2025-03-17 12:51:13,24,27,54,black
2025-03-17 12:51:13,30,33,58,black
2025-03-17 12:51:13,26,28,51,black
2025-03-17 12:51:13,28,33,50,black
2025-03-17 12:51:13,30,28,54,black
2025-03-17 12:51:13,30,28,54,black
2025-03-17 12:51:13,28,25,60,black
2025-03-17 12:51:13,23,27,49,black
2025-03-17 12:51:13,25,26,51,black
2025-03-17 12:51:13,27,26,51,black
2025-03-17 12:51:13,23,25,57,black
2025-03-17 12:51:13,28,23,55,black
2025-03-17 12:51:13,25,23,51,black
2025-03-17 12:51:13,15,21,45,black
2025-03-17 12:51:13,20,24,39,black
2025-03-17 12:51:13,20,24,39,black
2025-03-17 12:51:13,15,16,39,black
2025-03-17 12:51:14,20,14,38,black
2025-03-17 12:51:14,11,9,25,black
2025-03-17 12:51:14,7,0,15,black
2025-03-17 12:51:14,6,2,20,black
2025-03-17 12:51:14,4,0,11,black
2025-03-17 12:51:14,5,1,15,black
2025-03-17 12:51:14,4,0,15,black
2025-03-17 12:51:14,7,1,4,black
2025-03-17 12:51:14,7,0,10,black
2025-03-17 12:51:14,7,0,10,black
2025-03-17 12:51:14,0,0,13,black
2025-03-17 12:51:14,3,3,12,black
2025-03-17 12:51:14,8,0,10,black
2025-03-17 12:51:14,7,1,6,black
2025-03-17 12:51:14,7,2,14,black
2025-03-17 12:51:14,4,2,7,black
2025-03-17 12:51:14,17,2,10,black
2025-03-17 12:51:14,10,0,14,black
2025-03-17 12:51:14,9,1,15,black
2025-03-17 12:51:14,13,1,15,black
2025-03-17 12:51:14,13,1,15,black
2025-03-17 12:51:14,15,6,12,black
2025-03-17 12:51:14,13,0,13,black
2025-03-17 12:51:14,9,4,16,black
2025-03-17 12:51:14,14,4,9,black
2025-03-17 12:51:14,9,4,6,black
2025-03-17 12:51:14,7,2,14,black
2025-03-17 12:51:14,11,6,11,black
2025-03-17 12:51:14,10,5,8,black
2025-03-17 12:51:14,13,5,11,black
2025-03-17 12:51:15,20,3,16,black
2025-03-17 12:51:15,10,2,18,black
2025-03-17 12:51:15,13,3,18,black
2025-03-17 12:51:15,15,3,6,black
2025-03-17 12:51:15,21,1,18,black
2025-03-17 12:51:15,13,4,16,black
2025-03-17 12:51:15,18,3,18,black
2025-03-17 12:51:15,14,4,8,black
2025-03-17 12:51:15,11,4,16,black
2025-03-17 12:51:15,18,2,21,black
2025-03-17 12:51:15,14,1,18,black
2025-03-17 12:51:15,13,5,11,black
2025-03-17 12:51:15,18,3,18,black
2025-03-17 12:51:15,11,4,16,black
2025-03-17 12:51:15,19,7,10,black
2025-03-17 12:51:15,16,2,15,black
2025-03-17 12:51:15,19,4,17,black
2025-03-17 12:51:15,21,4,19,black
2025-03-17 12:51:15,15,5,11,black
2025-03-17 12:51:15,19,5,15,black
2025-03-17 12:51:15,10,5,8,black
2025-03-17 12:51:15,23,7,19,black
2025-03-17 12:51:15,19,4,9,black
2025-03-17 12:51:15,15,5,17,black
2025-03-17 12:51:15,19,4,17,black
2025-03-17 12:51:15,10,5,17,black
2025-03-17 12:51:15,27,5,14,black
2025-03-17 12:51:15,18,4,12,black
2025-03-17 12:51:15,23,3,11,black
2025-03-17 12:51:15,15,5,12,black
2025-03-17 12:51:16,15,6,14,black
2025-03-17 12:51:16,17,5,15,black
2025-03-17 12:51:16,16,7,17,black
2025-03-17 12:51:16,19,6,12,black
2025-03-17 12:51:16,21,7,18,black
2025-03-17 12:51:16,20,4,14,black
2025-03-17 12:51:16,20,5,9,black
2025-03-17 12:51:16,17,7,19,black
2025-03-17 12:51:16,23,3,19,black
2025-03-17 12:51:16,21,5,14,black
2025-03-17 12:51:16,19,4,19,black
2025-03-17 12:51:16,21,7,19,black
2025-03-17 12:51:16,19,6,12,black
2025-03-17 12:51:16,13,10,12,black
2025-03-17 12:51:16,17,7,19,black
2025-03-17 12:51:16,16,7,15,black
2025-03-17 12:51:16,19,5,15,black
2025-03-17 12:51:16,11,4,16,black
2025-03-17 12:51:16,15,5,12,black
2025-03-17 12:51:16,19,3,21,black
2025-03-17 12:51:16,19,6,14,black
2025-03-17 12:51:16,13,4,14,black
2025-03-17 12:51:16,16,4,9,black
2025-03-17 12:51:16,14,6,18,black
2025-03-17 12:51:16,14,4,8,black
2025-03-17 12:51:16,18,5,11,black
2025-03-17 12:51:16,16,2,15,black
2025-03-17 12:51:16,16,3,11,black
2025-03-17 12:51:16,16,3,11,black
2025-03-17 12:51:17,14,4,8,black
2025-03-17 12:51:17,10,5,19,black
2025-03-17 12:51:17,16,4,9,black
2025-03-17 12:51:17,15,3,16,black
2025-03-17 12:51:17,19,2,15,black
2025-03-17 12:51:17,9,2,14,black
2025-03-17 12:51:17,8,4,11,black
2025-03-17 12:51:17,7,1,6,black
2025-03-17 12:51:17,15,1,14,black
2025-03-17 12:51:17,10,3,13,black
2025-03-17 12:51:17,7,4,6,black
2025-03-17 12:51:17,5,0,12,black
2025-03-17 12:51:17,8,0,7,black
2025-03-17 12:51:17,7,0,8,black
2025-03-17 12:51:17,9,1,6,black
2025-03-17 12:51:17,9,0,10,black
2025-03-17 12:51:17,14,0,3,black
2025-03-17 12:51:17,12,3,15,black
2025-03-17 12:51:17,11,4,14,black
2025-03-17 12:51:17,9,3,8,black
2025-03-17 12:51:17,8,5,9,black
2025-03-17 12:51:17,8,0,7,black
2025-03-17 12:51:17,9,1,17,black
2025-03-17 12:51:17,12,3,15,black
2025-03-17 12:51:17,11,1,14,black
2025-03-17 12:51:17,13,4,14,black
2025-03-17 12:51:17,9,4,16,black
2025-03-17 12:51:17,11,3,18,black
2025-03-17 12:51:17,13,6,9,black
2025-03-17 12:51:17,13,5,12,black
2025-03-17 12:51:18,18,3,18,black
2025-03-17 12:51:18,22,7,13,black
2025-03-17 12:51:18,15,5,11,black
2025-03-17 12:51:18,20,4,12,black
2025-03-17 12:51:18,15,6,14,black
2025-03-17 12:51:18,16,7,15,black
2025-03-17 12:51:18,16,7,15,black
2025-03-17 12:51:18,19,8,6,black
2025-03-17 12:51:18,18,3,16,black
2025-03-17 12:51:18,21,8,16,black
2025-03-17 12:51:18,26,9,15,black
2025-03-17 12:51:18,23,7,18,black
2025-03-17 12:51:18,18,5,11,black
2025-03-17 12:51:18,21,6,12,black
2025-03-17 12:51:18,20,4,14,black
2025-03-17 12:51:18,19,4,17,black
2025-03-17 12:51:18,15,5,17,black
2025-03-17 12:51:18,19,6,23,black
2025-03-17 12:51:18,19,8,6,black
2025-03-17 12:51:18,19,8,6,black
2025-03-17 12:51:18,16,2,15,black
2025-03-17 12:51:18,22,3,16,black
2025-03-17 12:51:18,20,6,17,black
2025-03-17 12:51:18,18,4,12,black
2025-03-17 12:51:18,22,2,18,black
2025-03-17 12:51:18,13,5,11,black
2025-03-17 12:51:18,19,2,15,black
2025-03-17 12:51:18,18,4,12,black
2025-03-17 12:51:18,16,6,18,black
2025-03-17 12:51:18,16,6,18,black
2025-03-17 12:51:18,13,5,11,black
2025-03-17 12:51:19,13,5,12,black
2025-03-17 12:51:19,19,4,8,black
2025-03-17 12:51:19,14,6,18,black
2025-03-17 12:51:19,20,5,11,black
2025-03-17 12:51:19,20,6,7,black
2025-03-17 12:51:19,23,5,15,black
2025-03-17 12:51:19,16,6,18,black
2025-03-17 12:51:19,17,7,19,black
2025-03-17 12:51:19,18,3,16,black
2025-03-17 12:51:19,18,3,16,black
2025-03-17 12:51:19,21,4,17,black
2025-03-17 12:51:19,21,5,14,black
2025-03-17 12:51:19,15,5,17,black
2025-03-17 12:51:19,19,4,8,black
2025-03-17 12:51:19,21,5,14,black
2025-03-17 12:51:19,21,5,14,black
2025-03-17 12:51:19,20,5,11,black
2025-03-17 12:51:19,22,5,18,black
2025-03-17 12:51:19,20,4,12,black
2025-03-17 12:51:19,21,6,12,black
2025-03-17 12:51:19,21,6,12,black
2025-03-17 12:51:19,24,6,15,black
2025-03-17 12:51:19,20,6,18,black
2025-03-17 12:51:19,21,7,19,black
2025-03-17 12:51:19,15,8,16,black
2025-03-17 12:51:19,17,8,18,black
2025-03-17 12:51:19,17,9,14,black
2025-03-17 12:51:19,21,6,10,black
2025-03-17 12:51:19,24,7,13,black
2025-03-17 12:51:20,24,6,15,black
2025-03-17 12:51:20,24,6,15,black
2025-03-17 12:51:20,24,4,22,black
2025-03-17 12:51:20,19,6,14,black
2025-03-17 12:51:20,21,4,19,black
2025-03-17 12:51:20,22,7,13,black
2025-03-17 12:51:20,16,6,20,black
2025-03-17 12:51:20,18,4,12,black
2025-03-17 12:51:20,13,6,9,black
2025-03-17 12:51:20,24,8,21,black
2025-03-17 12:51:20,23,8,16,black
2025-03-17 12:51:20,16,5,6,black
2025-03-17 12:51:20,16,5,6,black
2025-03-17 12:51:20,20,7,13,black
2025-03-17 12:51:20,22,6,15,black
2025-03-17 12:51:20,22,7,13,black
2025-03-17 12:51:20,18,7,15,black
2025-03-17 12:51:20,17,9,14,black
2025-03-17 12:51:20,21,13,25,black
2025-03-17 12:51:20,26,14,36,black
2025-03-17 12:51:20,67,73,98,brown
2025-03-17 12:51:20,49,56,76,black
2025-03-17 12:51:20,49,57,81,brown
2025-03-17 12:51:20,49,57,81,brown
2025-03-17 12:51:20,67,77,101,brown
2025-03-17 12:51:20,69,83,114,brown
2025-03-17 12:51:20,82,95,130,brown
2025-03-17 12:51:20,91,107,145,brown
2025-03-17 12:51:20,105,125,157,brown
2025-03-17 12:51:20,139,147,181,brown
2025-03-17 12:51:20,134,145,183,brown
2025-03-17 12:51:21,127,137,180,brown
2025-03-17 12:51:21,118,135,179,brown
2025-03-17 12:51:21,118,135,179,brown
2025-03-17 12:51:21,123,134,174,brown
2025-03-17 12:51:21,120,132,177,brown
2025-03-17 12:51:21,113,131,173,brown
2025-03-17 12:51:21,118,133,175,brown
2025-03-17 12:51:21,118,135,179,brown
2025-03-17 12:51:21,124,136,183,brown
2025-03-17 12:51:21,105,111,154,brown
2025-03-17 12:51:21,26,11,24,black
2025-03-17 12:51:21,28,16,29,black
2025-03-17 12:51:21,67,39,44,black
2025-03-17 12:51:21,91,86,107,grey
2025-03-17 12:51:21,138,143,188,brown
2025-03-17 12:51:21,137,143,185,brown
2025-03-17 12:51:21,111,116,173,brown
2025-03-17 12:51:21,70,46,51,black
2025-03-17 12:51:21,0,1,0,black
2025-03-17 12:51:21,0,10,0,black
2025-03-17 12:51:21,0,54,0,green
2025-03-17 12:51:21,0,90,0,green
2025-03-17 12:51:21,0,82,0,green
2025-03-17 12:51:21,135,137,187,brown
2025-03-17 12:51:21,120,115,176,brown
2025-03-17 12:51:21,90,96,141,brown
2025-03-17 12:51:21,116,130,168,brown
2025-03-17 12:51:21,117,129,169,brown
2025-03-17 12:51:21,124,130,173,brown
2025-03-17 12:51:22,117,127,172,brown
2025-03-17 12:51:22,113,127,164,brown
2025-03-17 12:51:22,113,123,167,brown
2025-03-17 12:51:22,107,122,168,brown
2025-03-17 12:51:22,109,123,163,brown
2025-03-17 12:51:22,111,122,166,brown
2025-03-17 12:51:22,111,122,166,brown
2025-03-17 12:51:22,113,123,166,brown
2025-03-17 12:51:22,112,125,167,brown
2025-03-17 12:51:22,112,127,169,brown
2025-03-17 12:51:22,113,128,170,brown
2025-03-17 12:51:22,118,129,171,brown
2025-03-17 12:51:22,114,128,166,brown
2025-03-17 12:51:22,109,129,170,brown
2025-03-17 12:51:22,113,126,168,brown
2025-03-17 12:51:22,114,126,161,brown
2025-03-17 12:51:22,105,124,159,brown
2025-03-17 12:51:22,100,120,154,brown
2025-03-17 12:51:22,46,58,84,brown
2025-03-17 12:51:22,43,53,88,brown
2025-03-17 12:51:22,51,60,98,brown
2025-03-17 12:51:22,55,74,109,brown
2025-03-17 12:51:22,82,95,130,brown
2025-03-17 12:51:22,105,122,157,brown
2025-03-17 12:51:22,122,134,170,brown
2025-03-17 12:51:22,129,138,176,brown
2025-03-17 12:51:22,132,140,174,brown
2025-03-17 12:51:22,123,136,167,brown
2025-03-17 12:51:22,125,140,166,brown
2025-03-17 12:51:22,129,139,174,brown
2025-03-17 12:51:23,130,140,175,brown
2025-03-17 12:51:23,124,137,170,brown
2025-03-17 12:51:23,117,129,167,brown
2025-03-17 12:51:23,125,139,169,brown
2025-03-17 12:51:23,120,138,168,brown
2025-03-17 12:51:23,139,148,179,brown
2025-03-17 12:51:23,159,161,181,grey
2025-03-17 12:51:23,170,169,183,grey
2025-03-17 12:51:23,128,129,152,grey
2025-03-17 12:51:23,67,74,96,brown
2025-03-17 12:51:23,52,56,80,brown
2025-03-17 12:51:23,53,61,83,brown
2025-03-17 12:51:23,107,109,139,brown
2025-03-17 12:51:23,144,146,157,grey
2025-03-17 12:51:23,139,144,164,grey
2025-03-17 12:51:23,123,131,146,grey
2025-03-17 12:51:23,134,144,159,grey
2025-03-17 12:51:23,135,143,168,grey
2025-03-17 12:51:23,137,146,173,brown
2025-03-17 12:51:23,116,127,158,brown
2025-03-17 12:51:23,104,114,150,brown
2025-03-17 12:51:23,103,116,151,brown
2025-03-17 12:51:23,106,116,159,brown
2025-03-17 12:51:23,118,125,175,brown
2025-03-17 12:51:23,127,130,187,brown
2025-03-17 12:51:23,134,137,196,brown
2025-03-17 12:51:23,124,129,174,brown
2025-03-17 12:51:23,95,107,133,brown
2025-03-17 12:51:23,27,34,34,black
2025-03-17 12:51:23,29,45,16,black
2025-03-17 12:51:24,17,41,3,black
2025-03-17 12:51:24,0,72,0,green
2025-03-17 12:51:24,0,191,0,green
2025-03-17 12:51:24,0,197,0,green
2025-03-17 12:51:24,0,199,0,green
2025-03-17 12:51:24,0,200,0,green
2025-03-17 12:51:24,0,200,0,green
2025-03-17 12:51:24,0,197,0,green
2025-03-17 12:51:24,0,200,0,green
2025-03-17 12:51:24,0,200,0,green
2025-03-17 12:51:24,0,200,0,green
2025-03-17 12:51:24,0,199,0,green
2025-03-17 12:51:24,0,202,0,green
2025-03-17 12:51:24,0,202,0,green
2025-03-17 12:51:24,0,196,0,green
2025-03-17 12:51:24,0,196,0,green
2025-03-17 12:51:24,7,151,0,green
2025-03-17 12:51:24,0,89,0,green
2025-03-17 12:51:24,13,90,0,green
2025-03-17 12:51:24,0,82,0,green
2025-03-17 12:51:24,0,139,0,green
2025-03-17 12:51:24,0,188,0,green
2025-03-17 12:51:24,0,197,0,green
2025-03-17 12:51:24,0,195,0,green
2025-03-17 12:51:24,0,197,0,green
2025-03-17 12:51:24,0,198,0,green
2025-03-17 12:51:24,0,200,0,green
2025-03-17 12:51:24,0,200,0,green
2025-03-17 12:51:24,0,201,0,green
2025-03-17 12:51:24,0,198,0,green
2025-03-17 12:51:25,0,198,0,green
2025-03-17 12:51:25,0,200,0,green
2025-03-17 12:51:25,0,200,0,green
2025-03-17 12:51:25,0,198,0,green
2025-03-17 12:51:25,0,200,0,green
2025-03-17 12:51:25,0,200,0,green
2025-03-17 12:51:25,0,203,0,green
2025-03-17 12:51:25,0,198,0,green
2025-03-17 12:51:25,0,201,0,green
2025-03-17 12:51:25,0,199,0,green
2025-03-17 12:51:25,0,201,0,green
2025-03-17 12:51:25,0,198,0,green
2025-03-17 12:51:25,0,198,0,green
2025-03-17 12:51:25,0,200,0,green
2025-03-17 12:51:25,0,200,0,green
2025-03-17 12:51:25,0,201,0,green
2025-03-17 12:51:25,0,201,0,green
2025-03-17 12:51:25,0,200,0,green
2025-03-17 12:51:25,0,201,0,green
2025-03-17 12:51:25,0,200,0,green
2025-03-17 12:51:25,0,199,0,green
2025-03-17 12:51:25,0,200,0,green
2025-03-17 12:51:25,0,200,0,green
2025-03-17 12:51:25,0,200,0,green
2025-03-17 12:51:25,0,200,0,green
2025-03-17 12:51:25,0,198,0,green
2025-03-17 12:51:25,0,199,0,green
2025-03-17 12:51:25,0,200,0,green
2025-03-17 12:51:25,0,198,0,green
2025-03-17 12:51:25,0,198,0,green
2025-03-17 12:51:26,0,200,0,green
2025-03-17 12:51:26,0,199,0,green
2025-03-17 12:51:26,0,197,0,green
2025-03-17 12:51:26,0,197,0,green
2025-03-17 12:51:26,0,197,0,green
2025-03-17 12:51:26,0,198,0,green
2025-03-17 12:51:26,0,199,0,green
2025-03-17 12:51:26,0,199,0,green
2025-03-17 12:51:26,0,197,0,green
2025-03-17 12:51:26,0,197,0,green
2025-03-17 12:51:26,0,193,0,green
2025-03-17 12:51:26,0,192,0,green
2025-03-17 12:51:26,0,189,0,green
2025-03-17 12:51:26,0,186,0,green
2025-03-17 12:51:26,0,186,0,green
2025-03-17 12:51:26,0,186,0,green
2025-03-17 12:51:26,0,188,0,green
2025-03-17 12:51:26,0,186,0,green
2025-03-17 12:51:26,0,186,0,green
2025-03-17 12:51:26,0,186,0,green
2025-03-17 12:51:26,0,185,0,green
2025-03-17 12:51:26,0,188,0,green
2025-03-17 12:51:26,0,187,0,green
2025-03-17 12:51:26,0,185,0,green
2025-03-17 12:51:26,0,183,0,green
2025-03-17 12:51:26,0,183,0,green
2025-03-17 12:51:26,0,184,0,green
2025-03-17 12:51:26,0,186,0,green
2025-03-17 12:51:26,0,184,0,green
2025-03-17 12:51:26,0,184,0,green
2025-03-17 12:51:26,0,185,0,green
2025-03-17 12:51:27,0,186,0,green
2025-03-17 12:51:27,0,181,0,green
2025-03-17 12:51:27,0,178,0,green
2025-03-17 12:51:27,0,176,0,green
2025-03-17 12:51:27,0,176,0,green
2025-03-17 12:51:27,0,170,0,green
2025-03-17 12:51:27,0,171,0,green
2025-03-17 12:51:27,0,167,0,green
2025-03-17 12:51:27,0,172,0,green
2025-03-17 12:51:27,0,173,0,green
2025-03-17 12:51:27,0,172,0,green
2025-03-17 12:51:27,0,175,0,green
2025-03-17 12:51:27,0,176,0,green
2025-03-17 12:51:27,0,182,0,green
2025-03-17 12:51:27,0,193,0,green
2025-03-17 12:51:27,0,193,0,green
2025-03-17 12:51:27,0,197,0,green
2025-03-17 12:51:27,0,198,0,green
2025-03-17 12:51:27,0,200,0,green
2025-03-17 12:51:27,0,197,0,green
2025-03-17 12:51:27,0,198,0,green
2025-03-17 12:51:27,0,198,0,green
2025-03-17 12:51:27,0,195,0,green
2025-03-17 12:51:27,0,192,0,green
2025-03-17 12:51:27,0,192,0,green
2025-03-17 12:51:27,0,187,0,green
2025-03-17 12:51:27,0,187,0,green
2025-03-17 12:51:27,0,184,0,green
2025-03-17 12:51:27,0,183,0,green
2025-03-17 12:51:27,0,184,0,green
2025-03-17 12:51:28,0,182,0,green
2025-03-17 12:51:28,0,185,0,green
2025-03-17 12:51:28,0,184,0,green
2025-03-17 12:51:28,0,186,0,green
2025-03-17 12:51:28,0,183,0,green
2025-03-17 12:51:28,0,183,0,green
2025-03-17 12:51:28,0,184,0,green
2025-03-17 12:51:28,0,183,0,green
2025-03-17 12:51:28,0,184,0,green
2025-03-17 12:51:28,0,184,0,green
2025-03-17 12:51:28,0,183,0,green
2025-03-17 12:51:28,0,183,0,green
2025-03-17 12:51:28,0,186,0,green
2025-03-17 12:51:28,0,189,0,green
2025-03-17 12:51:28,0,189,0,green
2025-03-17 12:51:28,0,183,0,green
2025-03-17 12:51:28,0,183,0,green
2025-03-17 12:51:28,0,184,0,green
2025-03-17 12:51:28,0,186,0,green
2025-03-17 12:51:28,0,184,0,green
2025-03-17 12:51:28,0,186,0,green
2025-03-17 12:51:28,0,184,0,green
2025-03-17 12:51:28,0,183,0,green
2025-03-17 12:51:28,0,185,0,green
2025-03-17 12:51:28,0,185,0,green
2025-03-17 12:51:28,0,184,0,green
2025-03-17 12:51:28,0,184,0,green
2025-03-17 12:51:28,0,184,0,green
2025-03-17 12:51:28,0,186,0,green
2025-03-17 12:51:29,0,184,0,green
2025-03-17 12:51:29,0,183,0,green
2025-03-17 12:51:29,0,184,0,green
2025-03-17 12:51:29,0,186,0,green
2025-03-17 12:51:29,0,184,0,green
2025-03-17 12:51:29,0,186,0,green
2025-03-17 12:51:29,0,186,0,green
2025-03-17 12:51:29,0,186,0,green
2025-03-17 12:51:29,0,185,0,green
2025-03-17 12:51:29,0,186,0,green
2025-03-17 12:51:29,0,184,0,green
2025-03-17 12:51:29,0,184,0,green
2025-03-17 12:51:29,0,186,0,green
2025-03-17 12:51:29,0,184,0,green
2025-03-17 12:51:29,0,183,0,green
2025-03-17 12:51:29,0,184,0,green
2025-03-17 12:51:29,0,183,0,green
2025-03-17 12:51:29,0,184,0,green
2025-03-17 12:51:29,0,184,0,green
2025-03-17 12:51:29,0,184,0,green
2025-03-17 12:51:29,0,186,0,green
2025-03-17 12:51:29,0,186,0,green
2025-03-17 12:51:29,0,184,0,green
2025-03-17 12:51:29,0,184,0,green
2025-03-17 12:51:29,0,184,0,green
2025-03-17 12:51:29,0,184,0,green
2025-03-17 12:51:29,0,184,0,green
2025-03-17 12:51:29,0,188,0,green
2025-03-17 12:51:29,0,186,0,green
2025-03-17 12:51:29,0,186,0,green
2025-03-17 12:51:30,0,186,0,green
2025-03-17 12:51:30,0,186,0,green
2025-03-17 12:51:30,0,186,0,green
2025-03-17 12:51:30,0,186,0,green
2025-03-17 12:51:30,0,184,0,green
2025-03-17 12:51:30,0,184,0,green
2025-03-17 12:51:30,0,186,0,green
2025-03-17 12:51:30,0,186,0,green
2025-03-17 12:51:30,0,184,0,green
2025-03-17 12:51:30,0,184,0,green
2025-03-17 12:51:30,0,186,0,green
2025-03-17 12:51:30,0,186,0,green
2025-03-17 12:51:30,0,183,0,green
2025-03-17 12:51:30,0,186,0,green
2025-03-17 12:51:30,0,184,0,green
2025-03-17 12:51:30,0,186,0,green
2025-03-17 12:51:30,0,184,0,green
2025-03-17 12:51:30,0,183,0,green
2025-03-17 12:51:30,0,184,0,green
2025-03-17 12:51:30,0,184,0,green
2025-03-17 12:51:30,0,184,0,green
2025-03-17 12:51:30,0,184,0,green
2025-03-17 12:51:30,0,184,0,green
2025-03-17 12:51:30,0,184,0,green
2025-03-17 12:51:30,0,184,0,green
2025-03-17 12:51:30,0,190,0,green
2025-03-17 12:51:30,0,189,0,green
2025-03-17 12:51:30,0,189,0,green
2025-03-17 12:51:30,0,184,0,green
2025-03-17 12:51:30,0,183,0,green
2025-03-17 12:51:31,0,183,0,green
2025-03-17 12:51:31,0,182,0,green
2025-03-17 12:51:31,0,181,0,green
2025-03-17 12:51:31,0,183,0,green
2025-03-17 12:51:31,0,183,0,green
2025-03-17 12:51:31,0,182,0,green
2025-03-17 12:51:31,0,168,0,green
2025-03-17 12:51:31,23,49,0,black
2025-03-17 12:51:31,40,42,16,black
2025-03-17 12:51:31,63,48,42,black
2025-03-17 12:51:31,60,44,36,black
2025-03-17 12:51:31,59,38,40,black
2025-03-17 12:51:31,61,37,41,black
2025-03-17 12:51:31,52,40,34,black
2025-03-17 12:51:31,60,37,35,black
2025-03-17 12:51:31,61,34,41,black
2025-03-17 12:51:31,54,35,39,black
2025-03-17 12:51:31,55,38,33,black
2025-03-17 12:51:31,51,30,23,black
2025-03-17 12:51:31,40,30,22,black
2025-03-17 12:51:31,40,34,30,black
2025-03-17 12:51:31,46,33,34,black
2025-03-17 12:51:31,55,38,33,black
2025-03-17 12:51:31,53,38,35,black
2025-03-17 12:51:31,59,37,41,black
2025-03-17 12:51:31,59,37,41,black
2025-03-17 12:51:31,50,35,39,black
2025-03-17 12:51:31,39,45,60,black
2025-03-17 12:51:31,42,55,86,brown
2025-03-17 12:51:31,59,76,111,brown
2025-03-17 12:51:32,104,116,144,brown
2025-03-17 12:51:32,145,150,181,grey
2025-03-17 12:51:32,129,137,164,brown
2025-03-17 12:51:32,65,75,108,brown
2025-03-17 12:51:32,14,38,52,black
2025-03-17 12:51:32,13,30,26,black
2025-03-17 12:51:32,13,30,26,black
2025-03-17 12:51:32,21,26,5,black
2025-03-17 12:51:32,27,29,20,black
2025-03-17 12:51:32,23,22,16,black
2025-03-17 12:51:32,17,26,5,black
2025-03-17 12:51:32,19,27,11,black
2025-03-17 12:51:32,26,25,10,black
2025-03-17 12:51:32,25,28,7,black
2025-03-17 12:51:32,22,26,8,black
2025-03-17 12:51:32,26,32,6,black
2025-03-17 12:51:32,26,32,6,black
2025-03-17 12:51:32,25,27,9,black
2025-03-17 12:51:32,29,32,7,black
2025-03-17 12:51:32,27,31,3,black
2025-03-17 12:51:32,37,39,9,black
2025-03-17 12:51:32,30,34,8,black
2025-03-17 12:51:32,35,35,8,black
2025-03-17 12:51:32,27,33,7,black
2025-03-17 12:51:32,17,25,0,black
2025-03-17 12:51:32,17,23,0,black
2025-03-17 12:51:32,2,20,3,black
2025-03-17 12:51:32,2,20,3,black
2025-03-17 12:51:32,3,19,17,black
2025-03-17 12:51:32,1,21,23,black
2025-03-17 12:51:32,7,22,28,black
2025-03-17 12:51:33,9,21,31,black
2025-03-17 12:51:33,2,17,18,black
2025-03-17 12:51:33,2,21,6,black
2025-03-17 12:51:33,8,19,9,black
2025-03-17 12:51:33,10,21,2,black
2025-03-17 12:51:33,21,27,0,black
2025-03-17 12:51:33,21,39,0,black
2025-03-17 12:51:33,21,39,0,black
2025-03-17 12:51:33,0,64,0,green
2025-03-17 12:51:33,0,176,0,green
2025-03-17 12:51:33,0,167,0,green
2025-03-17 12:51:33,0,162,0,green
2025-03-17 12:51:33,0,160,0,green
2025-03-17 12:51:33,0,162,0,green
2025-03-17 12:51:33,0,162,0,green
2025-03-17 12:51:33,0,160,0,green
2025-03-17 12:51:33,0,155,0,green
2025-03-17 12:51:33,0,155,0,green
2025-03-17 12:51:33,0,158,0,green
2025-03-17 12:51:33,0,158,0,green
2025-03-17 12:51:33,0,159,0,green
2025-03-17 12:51:33,0,159,0,green
2025-03-17 12:51:33,0,167,0,green
2025-03-17 12:51:33,0,169,0,green
2025-03-17 12:51:33,0,174,0,green
2025-03-17 12:51:33,0,179,0,green
2025-03-17 12:51:33,0,181,0,green
2025-03-17 12:51:33,0,186,0,green
2025-03-17 12:51:33,0,186,0,green
2025-03-17 12:51:33,0,186,0,green
2025-03-17 12:51:34,0,189,0,green
2025-03-17 12:51:34,0,189,0,green
2025-03-17 12:51:34,0,189,0,green
2025-03-17 12:51:34,0,189,0,green
2025-03-17 12:51:34,0,190,0,green
2025-03-17 12:51:34,0,188,0,green
2025-03-17 12:51:34,0,188,0,green
2025-03-17 12:51:34,0,189,0,green
2025-03-17 12:51:34,0,189,0,green
2025-03-17 12:51:34,0,189,0,green
2025-03-17 12:51:34,0,186,0,green
2025-03-17 12:51:34,0,186,0,green
2025-03-17 12:51:34,0,186,0,green
2025-03-17 12:51:34,0,186,0,green
2025-03-17 12:51:34,0,186,0,green
2025-03-17 12:51:34,0,185,0,green
2025-03-17 12:51:34,0,185,0,green
2025-03-17 12:51:34,0,186,0,green
2025-03-17 12:51:34,0,186,0,green
2025-03-17 12:51:34,0,186,0,green
2025-03-17 12:51:34,0,186,0,green
2025-03-17 12:51:34,0,185,0,green
2025-03-17 12:51:34,0,185,0,green
2025-03-17 12:51:34,0,186,0,green
2025-03-17 12:51:34,0,186,0,green
2025-03-17 12:51:34,0,189,0,green
2025-03-17 12:51:34,0,188,0,green
2025-03-17 12:51:34,0,189,0,green
2025-03-17 12:51:34,0,186,0,green
2025-03-17 12:51:34,0,185,0,green
2025-03-17 12:51:35,0,186,0,green
2025-03-17 12:51:35,0,186,0,green
2025-03-17 12:51:35,0,188,0,green
2025-03-17 12:51:35,0,186,0,green
2025-03-17 12:51:35,0,189,0,green
2025-03-17 12:51:35,0,186,0,green
2025-03-17 12:51:35,0,189,0,green
2025-03-17 12:51:35,0,186,0,green
2025-03-17 12:51:35,0,185,0,green
2025-03-17 12:51:35,0,186,0,green
2025-03-17 12:51:35,0,185,0,green
2025-03-17 12:51:35,0,186,0,green
2025-03-17 12:51:35,0,186,0,green
2025-03-17 12:51:35,0,184,0,green
2025-03-17 12:51:35,0,186,0,green
2025-03-17 12:51:35,0,186,0,green
2025-03-17 12:51:35,0,186,0,green
2025-03-17 12:51:35,0,185,0,green
2025-03-17 12:51:35,0,189,0,green
2025-03-17 12:51:35,0,186,0,green
2025-03-17 12:51:35,0,183,0,green
2025-03-17 12:51:35,0,186,0,green
2025-03-17 12:51:35,0,189,0,green
2025-03-17 12:51:35,0,186,0,green
2025-03-17 12:51:35,0,185,0,green
2025-03-17 12:51:35,0,186,0,green
2025-03-17 12:51:35,0,186,0,green
2025-03-17 12:51:35,0,186,0,green
2025-03-17 12:51:35,0,184,0,green
2025-03-17 12:51:35,0,186,0,green
2025-03-17 12:51:36,0,185,0,green
2025-03-17 12:51:36,0,184,0,green
2025-03-17 12:51:36,0,184,0,green
2025-03-17 12:51:36,0,184,0,green
2025-03-17 12:51:36,0,184,0,green
2025-03-17 12:51:36,0,183,0,green
2025-03-17 12:51:36,0,183,0,green
2025-03-17 12:51:36,0,184,0,green
2025-03-17 12:51:36,0,184,0,green
2025-03-17 12:51:36,0,183,0,green
2025-03-17 12:51:36,0,184,0,green
2025-03-17 12:51:36,0,184,0,green
2025-03-17 12:51:36,0,184,0,green
2025-03-17 12:51:36,0,184,0,green
2025-03-17 12:51:36,0,184,0,green
2025-03-17 12:51:36,0,188,0,green
2025-03-17 12:51:36,0,183,0,green
2025-03-17 12:51:36,0,142,0,green
2025-03-17 12:51:36,41,32,20,black
2025-03-17 12:51:36,45,26,28,black
2025-03-17 12:51:36,49,24,33,black
2025-03-17 12:51:36,54,29,36,black
2025-03-17 12:51:36,56,29,36,black
2025-03-17 12:51:36,61,36,45,black
2025-03-17 12:51:36,118,128,164,brown
2025-03-17 12:51:36,147,153,196,brown
2025-03-17 12:51:36,172,172,213,white
2025-03-17 12:51:36,174,169,209,white
2025-03-17 12:51:36,170,167,202,white
2025-03-17 12:51:37,157,157,196,brown
2025-03-17 12:51:37,137,145,190,brown
2025-03-17 12:51:37,130,138,183,brown
2025-03-17 12:51:37,128,137,184,brown
2025-03-17 12:51:37,132,143,187,brown
2025-03-17 12:51:37,125,135,182,brown
2025-03-17 12:51:37,120,129,176,brown
2025-03-17 12:51:37,104,117,168,brown
2025-03-17 12:51:37,103,110,158,brown
2025-03-17 12:51:37,101,107,159,brown
2025-03-17 12:51:37,97,106,158,brown
2025-03-17 12:51:37,99,109,153,brown
2025-03-17 12:51:37,101,111,158,brown
2025-03-17 12:51:37,91,113,163,brown
2025-03-17 12:51:37,108,118,165,brown
2025-03-17 12:51:37,115,122,169,brown
2025-03-17 12:51:37,122,130,184,brown
2025-03-17 12:51:37,126,133,184,brown
2025-03-17 12:51:37,123,133,178,brown
2025-03-17 12:51:37,123,134,186,brown
2025-03-17 12:51:37,126,133,184,brown
2025-03-17 12:51:37,123,133,178,brown
2025-03-17 12:51:37,120,128,175,brown
2025-03-17 12:51:37,106,116,159,brown
2025-03-17 12:51:37,93,103,136,brown
2025-03-17 12:51:37,93,103,138,brown
2025-03-17 12:51:37,99,107,145,brown
2025-03-17 12:51:37,96,105,147,brown
2025-03-17 12:51:37,81,88,126,brown
2025-03-17 12:51:37,67,72,103,brown
2025-03-17 12:51:38,42,45,70,black
2025-03-17 12:51:38,24,26,48,black
2025-03-17 12:51:38,14,14,37,black
2025-03-17 12:51:38,8,3,15,black
2025-03-17 12:51:38,17,0,15,black
2025-03-17 12:51:38,11,4,16,black
2025-03-17 12:51:38,9,3,10,black
2025-03-17 12:51:38,12,5,8,black
2025-03-17 12:51:38,16,4,9,black
2025-03-17 12:51:38,14,3,11,black
2025-03-17 12:51:38,13,5,12,black
2025-03-17 12:51:38,19,4,17,black
2025-03-17 12:51:38,21,6,10,black
2025-03-17 12:51:38,21,7,19,black
2025-03-17 12:51:38,27,4,17,black
2025-03-17 12:51:38,12,7,10,black
2025-03-17 12:51:38,11,6,9,black
2025-03-17 12:51:38,22,6,17,black
2025-03-17 12:51:38,22,6,17,black
2025-03-17 12:51:38,21,4,19,black
2025-03-17 12:51:38,20,6,17,black
2025-03-17 12:51:38,20,4,12,black
2025-03-17 12:51:38,15,7,10,black
2025-03-17 12:51:38,12,7,12,black
2025-03-17 12:51:38,15,5,12,black
2025-03-17 12:51:38,13,5,11,black
2025-03-17 12:51:38,18,4,12,black
2025-03-17 12:51:38,13,1,15,black
2025-03-17 12:51:38,11,1,14,black
2025-03-17 12:51:38,11,1,14,black
2025-03-17 12:51:38,7,0,8,black
2025-03-17 12:51:39,9,2,14,black
2025-03-17 12:51:39,11,2,10,black
2025-03-17 12:51:39,8,0,7,black
2025-03-17 12:51:39,7,0,10,black
2025-03-17 12:51:39,5,0,5,black
2025-03-17 12:51:39,4,0,4,black
2025-03-17 12:51:39,11,1,14,black
2025-03-17 12:51:39,12,0,8,black
2025-03-17 12:51:39,4,1,6,black
2025-03-17 12:51:39,4,1,6,black
2025-03-17 12:51:39,4,0,2,black
2025-03-17 12:51:39,4,0,4,black
2025-03-17 12:51:39,4,0,11,black
2025-03-17 12:51:39,3,0,12,black
2025-03-17 12:51:39,2,0,11,black
2025-03-17 12:51:39,6,0,5,black
2025-03-17 12:51:39,0,0,4,black
2025-03-17 12:51:39,2,0,5,black
2025-03-17 12:51:39,8,0,5,black
2025-03-17 12:51:39,8,0,5,black
2025-03-17 12:51:39,10,0,7,black
2025-03-17 12:51:39,0,0,4,black
2025-03-17 12:51:39,8,0,3,black
2025-03-17 12:51:39,11,0,7,black
2025-03-17 12:51:39,4,0,4,black
2025-03-17 12:51:39,0,1,10,black
2025-03-17 12:51:39,4,0,11,black
2025-03-17 12:51:39,6,0,5,black
2025-03-17 12:51:39,4,0,4,black
2025-03-17 12:51:40,4,0,4,black
2025-03-17 12:51:40,4,0,4,black
2025-03-17 12:51:40,3,0,8,black
2025-03-17 12:51:40,4,0,7,black
2025-03-17 12:51:40,10,0,10,black
2025-03-17 12:51:40,2,0,9,black
2025-03-17 12:51:40,5,0,10,black
2025-03-17 12:51:40,8,0,12,black
2025-03-17 12:51:40,4,0,9,black
2025-03-17 12:51:40,6,0,9,black
2025-03-17 12:51:40,11,0,10,black
2025-03-17 12:51:40,5,0,7,black
2025-03-17 12:51:40,5,0,7,black
2025-03-17 12:51:40,6,0,4,black
2025-03-17 12:51:40,13,1,2,black
2025-03-17 12:51:40,12,0,5,black
2025-03-17 12:51:40,5,1,1,black
2025-03-17 12:51:40,8,0,7,black
2025-03-17 12:51:40,3,4,8,black
2025-03-17 12:51:40,12,0,12,black
2025-03-17 12:51:40,7,3,10,black
2025-03-17 12:51:40,4,0,5,black
2025-03-17 12:51:40,4,0,5,black
2025-03-17 12:51:40,11,0,8,black
2025-03-17 12:51:40,11,1,14,black
2025-03-17 12:51:40,10,4,11,black
2025-03-17 12:51:40,9,0,8,black
2025-03-17 12:51:40,6,3,15,black
2025-03-17 12:51:40,12,1,18,black
2025-03-17 12:51:40,19,2,10,black
2025-03-17 12:51:40,15,3,18,black
2025-03-17 12:51:41,20,3,18,black
2025-03-17 12:51:41,18,4,12,black
2025-03-17 12:51:41,18,4,12,black
2025-03-17 12:51:41,20,7,15,black
2025-03-17 12:51:41,13,3,20,black
2025-03-17 12:51:41,12,7,12,black
2025-03-17 12:51:41,18,6,18,black
2025-03-17 12:51:41,19,3,21,black
2025-03-17 12:51:41,19,6,14,black
2025-03-17 12:51:41,16,6,18,black
2025-03-17 12:51:41,20,3,16,black
2025-03-17 12:51:41,18,4,12,black
2025-03-17 12:51:41,15,8,16,black
2025-03-17 12:51:41,13,5,12,black
2025-03-17 12:51:41,17,7,19,black
2025-03-17 12:51:41,14,7,15,black
2025-03-17 12:51:41,24,6,17,black
2025-03-17 12:51:41,19,7,10,black
2025-03-17 12:51:41,23,7,19,black
2025-03-17 12:51:41,21,6,12,black
2025-03-17 12:51:41,17,6,14,black
2025-03-17 12:51:41,19,7,10,black
2025-03-17 12:51:41,20,7,15,black
2025-03-17 12:51:41,19,5,15,black
2025-03-17 12:51:41,21,5,14,black
2025-03-17 12:51:41,23,6,12,black
2025-03-17 12:51:41,19,7,10,black
2025-03-17 12:51:41,19,6,12,black
2025-03-17 12:51:41,15,5,12,black
2025-03-17 12:51:41,21,7,19,black
2025-03-17 12:51:42,20,6,18,black
2025-03-17 12:51:42,22,5,20,black
2025-03-17 12:51:42,16,8,13,black
2025-03-17 12:51:42,15,8,8,black
2025-03-17 12:51:42,16,8,13,black
2025-03-17 12:51:42,19,4,17,black
2025-03-17 12:51:42,23,5,15,black
2025-03-17 12:51:42,16,7,15,black
2025-03-17 12:51:42,18,3,16,black
2025-03-17 12:51:42,20,4,12,black
2025-03-17 12:51:42,23,3,19,black
2025-03-17 12:51:42,20,3,18,black
2025-03-17 12:51:42,20,7,15,black
2025-03-17 12:51:42,16,7,17,black
2025-03-17 12:51:42,23,8,16,black
2025-03-17 12:51:42,13,5,11,black
2025-03-17 12:51:42,13,4,16,black
2025-03-17 12:51:42,18,5,9,black
2025-03-17 12:51:42,12,5,17,black
2025-03-17 12:51:42,18,4,14,black
2025-03-17 12:51:42,10,4,9,black
2025-03-17 12:51:42,13,5,12,black
2025-03-17 12:51:42,22,3,14,black
2025-03-17 12:51:42,18,3,16,black
2025-03-17 12:51:42,16,2,15,black
2025-03-17 12:51:42,11,3,20,black
2025-03-17 12:51:42,13,5,11,black
2025-03-17 12:51:43,19,2,8,black
2025-03-17 12:51:43,15,4,21,black
2025-03-17 12:51:43,11,5,12,black
2025-03-17 12:51:43,16,6,20,black
2025-03-17 12:51:43,20,4,14,black
2025-03-17 12:51:43,18,4,12,black
2025-03-17 12:51:43,15,5,15,black
2025-03-17 12:51:43,28,9,20,black
2025-03-17 12:51:43,24,7,22,black
2025-03-17 12:51:43,26,8,25,black
2025-03-17 12:51:43,33,11,27,black
2025-03-17 12:51:43,31,14,20,black
2025-03-17 12:51:43,37,13,26,black
2025-03-17 12:51:43,29,14,31,black
2025-03-17 12:51:43,29,12,25,black
2025-03-17 12:51:43,28,12,21,black
2025-03-17 12:51:43,29,8,17,black
2025-03-17 12:51:43,30,7,11,black
2025-03-17 12:51:43,28,9,22,black
2025-03-17 12:51:43,30,12,21,black
2025-03-17 12:51:43,34,9,18,black
2025-03-17 12:51:43,28,11,24,black
2025-03-17 12:51:43,31,12,25,black
2025-03-17 12:51:43,30,12,30,black
2025-03-17 12:51:43,32,12,21,black
2025-03-17 12:51:43,30,10,26,black
2025-03-17 12:51:43,19,10,22,black
2025-03-17 12:51:43,20,8,11,black
2025-03-17 12:51:43,22,5,20,black
2025-03-17 12:51:43,19,1,18,black
2025-03-17 12:51:43,12,4,11,black
2025-03-17 12:51:43,16,2,17,black
2025-03-17 12:51:44,10,5,19,black
2025-03-17 12:51:44,19,1,17,black
2025-03-17 12:51:44,14,3,13,black
2025-03-17 12:51:44,10,5,17,black
2025-03-17 12:51:44,12,5,19,black
2025-03-17 12:51:44,11,3,20,black
2025-03-17 12:51:44,13,3,20,black
2025-03-17 12:51:44,15,3,6,black
2025-03-17 12:51:44,12,3,15,black
2025-03-17 12:51:44,12,3,13,black
2025-03-17 12:51:44,12,4,9,black
2025-03-17 12:51:44,11,6,11,black
2025-03-17 12:51:44,12,4,11,black
2025-03-17 12:51:44,16,4,8,black
2025-03-17 12:51:44,16,2,15,black
2025-03-17 12:51:44,8,5,8,black
2025-03-17 12:51:44,11,5,12,black
2025-03-17 12:51:44,8,4,11,black
2025-03-17 12:51:44,16,2,17,black
2025-03-17 12:51:44,12,5,8,black
2025-03-17 12:51:44,13,3,20,black
2025-03-17 12:51:44,14,2,17,black
2025-03-17 12:51:44,16,1,18,black
2025-03-17 12:51:44,9,3,10,black
2025-03-17 12:51:44,13,0,8,black
2025-03-17 12:51:44,15,3,16,black
2025-03-17 12:51:44,13,2,10,black
2025-03-17 12:51:44,11,0,21,black
2025-03-17 12:51:44,16,2,15,black
2025-03-17 12:51:44,11,2,10,black
2025-03-17 12:51:45,13,3,18,black
2025-03-17 12:51:45,13,3,18,black
2025-03-17 12:51:45,21,1,17,black
2025-03-17 12:51:45,15,4,21,black
2025-03-17 12:51:45,15,1,14,black
2025-03-17 12:51:45,12,3,15,black
2025-03-17 12:51:45,13,2,10,black
2025-03-17 12:51:45,16,4,9,black
2025-03-17 12:51:45,10,3,15,black
2025-03-17 12:51:45,13,3,8,black
2025-03-17 12:51:45,9,4,18,black
2025-03-17 12:51:45,9,6,11,black
2025-03-17 12:51:45,9,6,11,black
2025-03-17 12:51:45,11,1,14,black
2025-03-17 12:51:45,8,0,12,black
2025-03-17 12:51:45,20,3,18,black
2025-03-17 12:51:45,11,3,8,black
2025-03-17 12:51:45,9,3,8,black
2025-03-17 12:51:45,11,3,8,black
2025-03-17 12:51:45,10,4,9,black
2025-03-17 12:51:45,13,0,11,black
2025-03-17 12:51:45,10,3,15,black
2025-03-17 12:51:45,11,4,16,black
2025-03-17 12:51:45,11,4,16,black
2025-03-17 12:51:45,7,3,10,black
2025-03-17 12:51:45,15,2,10,black
2025-03-17 12:51:45,8,4,11,black
2025-03-17 12:51:45,10,4,11,black
2025-03-17 12:51:45,12,4,9,black
2025-03-17 12:51:45,16,4,9,black
2025-03-17 12:51:46,7,1,4,black
2025-03-17 12:51:46,14,4,9,black
2025-03-17 12:51:46,11,5,12,black
2025-03-17 12:51:46,11,5,12,black
2025-03-17 12:51:46,9,4,16,black
2025-03-17 12:51:46,12,4,9,black
2025-03-17 12:51:46,15,2,10,black
2025-03-17 12:51:46,11,0,8,black
2025-03-17 12:51:46,19,3,11,black
2025-03-17 12:51:46,9,1,6,black
2025-03-17 12:51:46,18,5,11,black
2025-03-17 12:51:46,18,5,20,black
2025-03-17 12:51:46,11,4,16,black
2025-03-17 12:51:46,18,3,16,black
2025-03-17 12:51:46,18,3,16,black
2025-03-17 12:51:46,10,3,15,black
2025-03-17 12:51:46,18,4,12,black
2025-03-17 12:51:46,19,4,17,black
2025-03-17 12:51:46,19,4,19,black
2025-03-17 12:51:46,17,1,12,black
2025-03-17 12:51:46,16,2,17,black
2025-03-17 12:51:46,12,5,8,black
2025-03-17 12:51:46,13,4,16,black
2025-03-17 12:51:46,10,3,15,black
2025-03-17 12:51:46,10,3,15,black
2025-03-17 12:51:46,15,1,12,black
2025-03-17 12:51:46,10,2,17,black
2025-03-17 12:51:46,10,4,9,black
2025-03-17 12:51:46,14,2,17,black
2025-03-17 12:51:46,11,3,8,black
2025-03-17 12:51:46,16,3,13,black
2025-03-17 12:51:47,14,2,15,black
2025-03-17 12:51:47,19,0,20,black
2025-03-17 12:51:47,16,2,15,black
2025-03-17 12:51:47,9,1,6,black
2025-03-17 12:51:47,9,1,6,black
2025-03-17 12:51:47,19,0,15,black
2025-03-17 12:51:47,9,2,14,black
2025-03-17 12:51:47,21,4,17,black
2025-03-17 12:51:47,14,2,15,black
2025-03-17 12:51:47,12,1,18,black
2025-03-17 12:51:47,14,3,11,black
2025-03-17 12:51:47,10,4,11,black
2025-03-17 12:51:47,13,4,16,black
2025-03-17 12:51:47,19,0,20,black
2025-03-17 12:51:47,19,0,6,black
2025-03-17 12:51:47,19,0,6,black
2025-03-17 12:51:47,14,2,15,black
2025-03-17 12:51:47,17,6,14,black
2025-03-17 12:51:47,9,1,6,black
2025-03-17 12:51:47,9,1,15,black
2025-03-17 12:51:47,9,2,14,black
2025-03-17 12:51:47,14,3,13,black
2025-03-17 12:51:47,10,4,11,black
2025-03-17 12:51:47,13,1,14,black
2025-03-17 12:51:47,15,6,14,black
2025-03-17 12:51:47,9,2,14,black
2025-03-17 12:51:47,11,1,15,black
2025-03-17 12:51:47,2,5,9,black
2025-03-17 12:51:47,11,2,10,black
2025-03-17 12:51:47,12,3,15,black
2025-03-17 12:51:48,18,3,18,black
2025-03-17 12:51:48,9,1,15,black
2025-03-17 12:51:48,11,2,12,black
2025-03-17 12:51:48,11,4,16,black
2025-03-17 12:51:48,16,1,18,black
2025-03-17 12:51:48,15,1,12,black
2025-03-17 12:51:48,11,1,14,black
2025-03-17 12:51:48,10,2,17,black
2025-03-17 12:51:48,10,4,11,black
2025-03-17 12:51:48,11,2,10,black
2025-03-17 12:51:48,8,3,15,black
2025-03-17 12:51:48,9,4,18,black
2025-03-17 12:51:48,13,2,10,black
2025-03-17 12:51:48,7,3,8,black
2025-03-17 12:51:48,11,1,14,black
2025-03-17 12:51:48,12,1,18,black
2025-03-17 12:51:48,10,2,17,black
2025-03-17 12:51:48,11,2,10,black
2025-03-17 12:51:48,11,3,18,black
2025-03-17 12:51:48,7,0,10,black
2025-03-17 12:51:48,11,5,12,black
2025-03-17 12:51:48,17,0,11,black
2025-03-17 12:51:48,12,4,11,black
2025-03-17 12:51:48,12,2,17,black
2025-03-17 12:51:48,10,2,17,black
2025-03-17 12:51:48,7,3,10,black
2025-03-17 12:51:48,12,2,17,black
2025-03-17 12:51:48,9,0,8,black
2025-03-17 12:51:48,10,4,11,black
2025-03-17 12:51:49,11,2,10,black
2025-03-17 12:51:49,7,3,10,black
2025-03-17 12:51:49,10,2,18,black
2025-03-17 12:51:49,9,3,10,black
2025-03-17 12:51:49,10,0,5,black
2025-03-17 12:51:49,13,1,15,black
2025-03-17 12:51:49,10,3,15,black
2025-03-17 12:51:49,7,3,10,black
2025-03-17 12:51:49,9,0,11,black
2025-03-17 12:51:49,12,0,7,black
2025-03-17 12:51:49,8,2,18,black
2025-03-17 12:51:49,11,1,15,black
2025-03-17 12:51:49,8,0,12,black
2025-03-17 12:51:49,11,1,14,black
2025-03-17 12:51:49,3,4,18,black
2025-03-17 12:51:49,5,2,14,black
2025-03-17 12:51:49,12,2,17,black
2025-03-17 12:51:49,5,0,5,black
2025-03-17 12:51:49,4,1,8,black
2025-03-17 12:51:49,11,1,15,black
2025-03-17 12:51:49,5,4,8,black
2025-03-17 12:51:49,11,2,12,black
2025-03-17 12:51:49,9,2,14,black
2025-03-17 12:51:49,5,0,12,black
2025-03-17 12:51:49,11,1,15,black
2025-03-17 12:51:49,3,0,7,black
2025-03-17 12:51:49,5,4,8,black
2025-03-17 12:51:49,11,1,15,black
2025-03-17 12:51:49,5,2,14,black
2025-03-17 12:51:49,10,4,11,black
2025-03-17 12:51:49,8,3,15,black
2025-03-17 12:51:50,3,0,5,black
2025-03-17 12:51:50,7,1,15,black
2025-03-17 12:51:50,7,1,15,black
2025-03-17 12:51:50,11,0,17,black
2025-03-17 12:51:50,6,3,17,black
2025-03-17 12:51:50,7,0,11,black
2025-03-17 12:51:50,8,0,14,black
2025-03-17 12:51:50,7,0,15,black
2025-03-17 12:51:50,10,2,17,black
2025-03-17 12:51:50,10,2,17,black
2025-03-17 12:51:50,6,6,28,black
2025-03-17 12:51:50,5,8,26,black
2025-03-17 12:51:50,11,11,30,black
2025-03-17 12:51:50,11,11,30,black
2025-03-17 12:51:50,13,14,41,black
2025-03-17 12:51:50,15,16,39,black
2025-03-17 12:51:50,15,22,51,black
2025-03-17 12:51:50,17,21,45,black
2025-03-17 12:51:50,23,21,47,black
2025-03-17 12:51:50,19,20,45,black
2025-03-17 12:51:50,20,21,48,black
2025-03-17 12:51:50,15,16,41,black
2025-03-17 12:51:50,12,15,33,black
2025-03-17 12:51:50,10,15,33,black
2025-03-17 12:51:50,11,14,43,black
2025-03-17 12:51:50,10,14,37,black
2025-03-17 12:51:50,12,14,37,black
2025-03-17 12:51:50,17,13,32,black
2025-03-17 12:51:50,11,11,41,black
2025-03-17 12:51:51,16,6,28,black
2025-03-17 12:51:51,7,2,23,black
2025-03-17 12:51:51,9,3,21,black
2025-03-17 12:51:51,2,0,10,black
2025-03-17 12:51:51,15,3,16,black
2025-03-17 12:51:51,16,1,18,black
2025-03-17 12:51:51,11,4,16,black
2025-03-17 12:51:51,9,3,10,black
2025-03-17 12:51:51,18,2,20,black
2025-03-17 12:51:51,15,1,12,black
2025-03-17 12:51:51,13,1,14,black
2025-03-17 12:51:51,10,2,17,black
2025-03-17 12:51:51,13,2,12,black
2025-03-17 12:51:51,10,3,15,black
2025-03-17 12:51:51,7,2,14,black
2025-03-17 12:51:51,15,0,13,black
2025-03-17 12:51:51,12,3,15,black
2025-03-17 12:51:51,18,3,16,black
2025-03-17 12:51:51,6,3,15,black
2025-03-17 12:51:51,10,4,9,black
2025-03-17 12:51:51,13,0,6,black
2025-03-17 12:51:51,12,3,13,black
2025-03-17 12:51:51,19,5,15,black
2025-03-17 12:51:51,9,4,16,black
2025-03-17 12:51:51,8,7,14,black
2025-03-17 12:51:51,8,7,14,black
2025-03-17 12:51:51,14,0,5,black
2025-03-17 12:51:51,10,4,11,black
2025-03-17 12:51:51,20,3,18,black
2025-03-17 12:51:51,7,1,6,black
2025-03-17 12:51:52,9,6,11,black
2025-03-17 12:51:52,9,3,8,black
2025-03-17 12:51:52,9,4,6,black
2025-03-17 12:51:52,6,4,11,black
2025-03-17 12:51:52,4,1,6,black
2025-03-17 12:51:52,4,1,6,black
2025-03-17 12:51:52,11,1,14,black
2025-03-17 12:51:52,16,2,17,black
2025-03-17 12:51:52,9,3,10,black
2025-03-17 12:51:52,9,4,18,black
2025-03-17 12:51:52,16,4,9,black
2025-03-17 12:51:52,10,3,15,black
2025-03-17 12:51:52,9,2,14,black
2025-03-17 12:51:52,7,0,15,black
2025-03-17 12:51:52,6,5,9,black
2025-03-17 12:51:52,2,1,8,black
2025-03-17 12:51:52,2,1,8,black
2025-03-17 12:51:52,7,1,17,black
2025-03-17 12:51:52,12,4,9,black
2025-03-17 12:51:52,7,0,8,black
2025-03-17 12:51:52,11,2,10,black
2025-03-17 12:51:52,11,1,14,black
2025-03-17 12:51:52,13,0,13,black
2025-03-17 12:51:52,12,2,17,black
2025-03-17 12:51:52,12,2,17,black
2025-03-17 12:51:52,6,4,13,black
2025-03-17 12:51:52,7,0,8,black
2025-03-17 12:51:52,7,0,8,black
2025-03-17 12:51:52,8,4,11,black
2025-03-17 12:51:52,9,2,12,black
2025-03-17 12:51:52,11,2,12,black
2025-03-17 12:51:53,13,4,14,black
2025-03-17 12:51:53,12,4,9,black
2025-03-17 12:51:53,10,3,15,black
2025-03-17 12:51:53,19,2,13,black
2025-03-17 12:51:53,19,6,12,black
2025-03-17 12:51:53,15,4,19,black
2025-03-17 12:51:53,15,4,19,black
2025-03-17 12:51:53,17,6,14,black
2025-03-17 12:51:53,19,2,13,black
2025-03-17 12:51:53,21,4,19,black
2025-03-17 12:51:53,13,5,12,black
2025-03-17 12:51:53,12,1,18,black
2025-03-17 12:51:53,11,4,16,black
2025-03-17 12:51:53,8,2,17,black
2025-03-17 12:51:53,7,0,13,black
2025-03-17 12:51:53,12,3,15,black
2025-03-17 12:51:53,5,4,8,black
2025-03-17 12:51:53,5,4,8,black
2025-03-17 12:51:53,3,6,12,black
2025-03-17 12:51:53,16,3,11,black
2025-03-17 12:51:53,13,4,16,black
2025-03-17 12:51:53,9,0,8,black
2025-03-17 12:51:53,7,5,12,black
2025-03-17 12:51:53,6,4,13,black
2025-03-17 12:51:53,15,5,11,black
2025-03-17 12:51:53,12,5,8,black
2025-03-17 12:51:53,10,4,11,black
2025-03-17 12:51:53,12,5,17,black
2025-03-17 12:51:53,12,5,17,black
2025-03-17 12:51:53,21,4,17,black
2025-03-17 12:51:54,18,5,9,black
2025-03-17 12:51:54,14,5,24,black
2025-03-17 12:51:54,18,7,15,black
2025-03-17 12:51:54,18,4,12,black
2025-03-17 12:51:54,10,5,8,black
2025-03-17 12:51:54,16,6,18,black
2025-03-17 12:51:54,20,8,11,black
2025-03-17 12:51:54,10,4,21,black
2025-03-17 12:51:54,10,4,21,black
2025-03-17 12:51:54,15,7,19,black
2025-03-17 12:51:54,16,2,15,black
2025-03-17 12:51:54,13,4,16,black
2025-03-17 12:51:54,12,5,19,black
2025-03-17 12:51:54,12,6,14,black
2025-03-17 12:51:54,14,2,15,black
2025-03-17 12:51:54,12,3,13,black
2025-03-17 12:51:54,12,2,17,black
2025-03-17 12:51:54,8,4,13,black
2025-03-17 12:51:54,12,2,17,black
2025-03-17 12:51:54,13,4,16,black
2025-03-17 12:51:54,13,3,18,black
2025-03-17 12:51:54,9,2,12,black
2025-03-17 12:51:54,12,3,13,black
2025-03-17 12:51:54,15,4,14,black
2025-03-17 12:51:54,18,4,14,black
2025-03-17 12:51:54,16,3,11,black
2025-03-17 12:51:54,14,7,17,black
2025-03-17 12:51:54,18,4,12,black
2025-03-17 12:51:54,15,6,14,black
2025-03-17 12:51:54,19,6,12,black
2025-03-17 12:51:55,19,6,14,black
2025-03-17 12:51:55,15,7,19,black
2025-03-17 12:51:55,22,5,18,black
2025-03-17 12:51:55,19,2,15,black
2025-03-17 12:51:55,21,5,14,black
2025-03-17 12:51:55,18,6,17,black
2025-03-17 12:51:55,21,6,10,black
2025-03-17 12:51:55,20,7,15,black
2025-03-17 12:51:55,12,7,12,black
2025-03-17 12:51:55,15,6,12,black
2025-03-17 12:51:55,18,4,12,black
2025-03-17 12:51:55,18,7,15,black
2025-03-17 12:51:55,17,8,16,black
2025-03-17 12:51:55,15,7,10,black
2025-03-17 12:51:55,14,4,9,black
2025-03-17 12:51:55,19,3,21,black
2025-03-17 12:51:55,15,6,14,black
2025-03-17 12:51:55,18,4,12,black
2025-03-17 12:51:55,21,4,17,black
2025-03-17 12:51:55,12,6,14,black
2025-03-17 12:51:55,12,6,15,black
2025-03-17 12:51:55,20,3,18,black
2025-03-17 12:51:55,13,5,11,black
2025-03-17 12:51:55,12,4,9,black
2025-03-17 12:51:55,18,3,16,black
2025-03-17 12:51:55,20,7,15,black
2025-03-17 12:51:55,13,4,16,black
2025-03-17 12:51:55,11,4,14,black
2025-03-17 12:51:55,11,7,17,black
2025-03-17 12:51:55,13,3,18,black
2025-03-17 12:51:56,4,0,13,black
2025-03-17 12:51:56,7,0,10,black
2025-03-17 12:51:56,7,0,11,black
2025-03-17 12:51:56,21,13,37,black
2025-03-17 12:51:56,69,74,110,brown
2025-03-17 12:51:56,86,94,137,brown
2025-03-17 12:51:56,90,100,138,brown
2025-03-17 12:51:56,90,102,140,brown
2025-03-17 12:51:56,82,97,139,brown
2025-03-17 12:51:56,90,99,141,brown
2025-03-17 12:51:56,90,103,138,brown
2025-03-17 12:51:56,79,95,135,brown
2025-03-17 12:51:56,66,72,114,brown
2025-03-17 12:51:56,76,78,117,brown
2025-03-17 12:51:56,90,92,132,brown
2025-03-17 12:51:56,90,94,137,brown
2025-03-17 12:51:56,111,116,154,brown
2025-03-17 12:51:56,128,128,167,brown
2025-03-17 12:51:56,124,127,170,brown
2025-03-17 12:51:56,130,136,177,brown
2025-03-17 12:51:56,141,145,188,brown
2025-03-17 12:51:56,149,155,189,brown
2025-03-17 12:51:56,126,128,167,brown
2025-03-17 12:51:56,62,51,86,brown
2025-03-17 12:51:56,40,12,24,black
2025-03-17 12:51:56,41,0,8,black
2025-03-17 12:51:56,174,0,30,blue
2025-03-17 12:51:56,204,0,27,blue
2025-03-17 12:51:56,203,0,23,blue
2025-03-17 12:51:57,205,0,23,blue
2025-03-17 12:51:57,201,0,23,blue
2025-03-17 12:51:57,197,0,25,blue
2025-03-17 12:51:57,204,0,29,blue
2025-03-17 12:51:57,208,0,23,blue
2025-03-17 12:51:57,224,0,26,blue
2025-03-17 12:51:57,235,0,28,blue
2025-03-17 12:51:57,245,0,34,blue
2025-03-17 12:51:57,254,1,33,blue
2025-03-17 12:51:57,255,2,40,blue
2025-03-17 12:51:57,255,5,40,blue
2025-03-17 12:51:57,255,3,41,blue
2025-03-17 12:51:57,255,11,49,blue
2025-03-17 12:51:57,255,14,45,blue
2025-03-17 12:51:57,255,15,48,blue
2025-03-17 12:51:57,255,14,42,blue
2025-03-17 12:51:57,255,13,44,blue
2025-03-17 12:51:57,255,14,50,blue
2025-03-17 12:51:57,255,19,48,blue
2025-03-17 12:51:57,255,15,48,blue
2025-03-17 12:51:57,255,9,49,blue
2025-03-17 12:51:57,255,14,47,blue
2025-03-17 12:51:57,255,12,43,blue
2025-03-17 12:51:57,255,7,43,blue
2025-03-17 12:51:57,255,14,42,blue
2025-03-17 12:51:57,255,5,36,blue
2025-03-17 12:51:57,255,5,47,blue
2025-03-17 12:51:57,255,11,46,blue
2025-03-17 12:51:57,255,2,49,blue
2025-03-17 12:51:57,255,1,50,blue
2025-03-17 12:51:58,255,3,54,blue
2025-03-17 12:51:58,255,4,49,blue
2025-03-17 12:51:58,255,2,42,blue
2025-03-17 12:51:58,255,2,51,blue
2025-03-17 12:51:58,255,2,51,blue
2025-03-17 12:51:58,255,3,52,blue
2025-03-17 12:51:58,255,2,48,blue
2025-03-17 12:51:58,255,2,48,blue
2025-03-17 12:51:58,255,0,47,blue
2025-03-17 12:51:58,255,1,43,blue
2025-03-17 12:51:58,255,4,46,blue
2025-03-17 12:51:58,255,6,52,blue
2025-03-17 12:51:58,255,4,48,blue
2025-03-17 12:51:58,255,2,51,blue
2025-03-17 12:51:58,255,9,50,blue
2025-03-17 12:51:58,255,3,43,blue
2025-03-17 12:51:58,255,4,39,blue
2025-03-17 12:51:58,255,1,41,blue
2025-03-17 12:51:58,255,1,41,blue
2025-03-17 12:51:58,255,1,41,blue
2025-03-17 12:51:58,255,2,32,blue
2025-03-17 12:51:58,255,3,40,blue
2025-03-17 12:51:58,255,1,39,blue
2025-03-17 12:51:58,255,5,33,blue
2025-03-17 12:51:58,255,4,36,blue
2025-03-17 12:51:58,255,3,33,blue
2025-03-17 12:51:58,255,4,30,blue
2025-03-17 12:51:58,255,4,35,blue
2025-03-17 12:51:58,255,2,40,blue
2025-03-17 12:51:58,255,2,40,blue
2025-03-17 12:51:58,255,4,35,blue
2025-03-17 12:51:59,255,3,33,blue
2025-03-17 12:51:59,255,8,36,blue
2025-03-17 12:51:59,255,4,39,blue
2025-03-17 12:51:59,255,3,32,blue
2025-03-17 12:51:59,255,6,37,blue
2025-03-17 12:51:59,255,5,37,blue
2025-03-17 12:51:59,255,3,41,blue
2025-03-17 12:51:59,255,2,37,blue
2025-03-17 12:51:59,255,2,37,blue
2025-03-17 12:51:59,255,5,37,blue
2025-03-17 12:51:59,255,8,38,blue
2025-03-17 12:51:59,255,5,35,blue
2025-03-17 12:51:59,255,3,33,blue
2025-03-17 12:51:59,255,12,40,blue
2025-03-17 12:51:59,255,3,32,blue
2025-03-17 12:51:59,255,6,43,blue
2025-03-17 12:51:59,255,2,42,blue
2025-03-17 12:51:59,255,2,42,blue
2025-03-17 12:51:59,255,2,42,blue
2025-03-17 12:51:59,255,2,42,blue
2025-03-17 12:51:59,255,5,36,blue
2025-03-17 12:51:59,255,2,40,blue
2025-03-17 12:51:59,255,3,38,blue
2025-03-17 12:51:59,255,6,34,blue
2025-03-17 12:51:59,255,4,35,blue
2025-03-17 12:51:59,255,4,35,blue
2025-03-17 12:51:59,255,3,38,blue
2025-03-17 12:51:59,255,4,42,blue
2025-03-17 12:51:59,255,4,42,blue
2025-03-17 12:52:00,255,4,35,blue
2025-03-17 12:52:00,255,4,35,blue
2025-03-17 12:52:00,255,8,34,blue
2025-03-17 12:52:00,255,7,38,blue
2025-03-17 12:52:00,255,9,47,blue
2025-03-17 12:52:00,255,9,36,blue
2025-03-17 12:52:00,255,12,41,blue
2025-03-17 12:52:00,255,5,40,blue
2025-03-17 12:52:00,255,7,45,blue
2025-03-17 12:52:00,255,8,39,blue
2025-03-17 12:52:00,255,7,45,blue
2025-03-17 12:52:00,255,7,45,blue
2025-03-17 12:52:00,255,8,39,blue
2025-03-17 12:52:00,255,5,40,blue
2025-03-17 12:52:00,255,7,45,blue
2025-03-17 12:52:00,255,8,46,blue
2025-03-17 12:52:00,255,6,46,blue
2025-03-17 12:52:00,255,4,39,blue
2025-03-17 12:52:00,255,6,43,blue
2025-03-17 12:52:00,255,6,42,blue
2025-03-17 12:52:00,255,3,33,blue
2025-03-17 12:52:00,255,3,38,blue
2025-03-17 12:52:00,255,3,38,blue
2025-03-17 12:52:00,255,7,46,blue
2025-03-17 12:52:00,255,1,36,blue
2025-03-17 12:52:00,255,1,41,blue
2025-03-17 12:52:00,244,1,39,blue
2025-03-17 12:52:00,232,0,34,blue
2025-03-17 12:52:00,229,0,31,blue
2025-03-17 12:52:00,228,0,26,blue
2025-03-17 12:52:00,231,0,31,blue
2025-03-17 12:52:01,235,1,38,blue
2025-03-17 12:52:01,241,1,36,blue
2025-03-17 12:52:01,241,1,36,blue
2025-03-17 12:52:01,250,1,42,blue
2025-03-17 12:52:01,255,1,43,blue
2025-03-17 12:52:01,255,3,41,blue
2025-03-17 12:52:01,255,4,42,blue
2025-03-17 12:52:01,255,3,46,blue
2025-03-17 12:52:01,255,4,44,blue
2025-03-17 12:52:01,255,10,50,blue
2025-03-17 12:52:01,255,12,49,blue
2025-03-17 12:52:01,255,12,52,blue
2025-03-17 12:52:01,255,11,53,blue
2025-03-17 12:52:01,255,13,44,blue
2025-03-17 12:52:01,255,12,54,blue
2025-03-17 12:52:01,255,10,47,blue
2025-03-17 12:52:01,255,6,48,blue
2025-03-17 12:52:01,255,8,50,blue
2025-03-17 12:52:01,255,10,50,blue
2025-03-17 12:52:01,255,3,49,blue
2025-03-17 12:52:01,255,2,51,blue
2025-03-17 12:52:01,255,9,50,blue
2025-03-17 12:52:01,255,5,47,blue
2025-03-17 12:52:01,255,4,46,blue
2025-03-17 12:52:01,255,12,48,blue
2025-03-17 12:52:01,255,5,42,blue
2025-03-17 12:52:01,255,7,46,blue
2025-03-17 12:52:01,255,8,45,blue
2025-03-17 12:52:01,255,14,44,blue
2025-03-17 12:52:02,255,11,50,blue
2025-03-17 12:52:02,249,14,38,blue
2025-03-17 12:52:02,252,13,40,blue
2025-03-17 12:52:02,253,21,40,blue
2025-03-17 12:52:02,199,18,24,blue
2025-03-17 12:52:02,86,9,18,black
2025-03-17 12:52:02,67,17,26,black
2025-03-17 12:52:02,50,13,28,black
2025-03-17 12:52:02,78,56,90,grey
2025-03-17 12:52:02,147,145,173,grey
2025-03-17 12:52:02,162,161,198,grey
2025-03-17 12:52:02,162,161,198,grey
2025-03-17 12:52:02,161,158,190,grey
2025-03-17 12:52:02,158,160,192,grey
2025-03-17 12:52:02,159,155,190,grey
2025-03-17 12:52:02,149,146,182,grey
2025-03-17 12:52:02,142,139,174,grey
2025-03-17 12:52:02,137,136,170,grey
2025-03-17 12:52:02,131,129,166,brown
2025-03-17 12:52:02,131,130,164,grey
2025-03-17 12:52:02,125,126,153,grey
2025-03-17 12:52:02,124,124,156,grey
2025-03-17 12:52:02,127,126,153,grey
2025-03-17 12:52:02,129,127,154,grey
2025-03-17 12:52:02,123,126,153,grey
2025-03-17 12:52:02,122,121,153,grey
2025-03-17 12:52:02,115,117,149,brown
2025-03-17 12:52:02,107,109,140,brown
2025-03-17 12:52:02,101,101,130,grey
2025-03-17 12:52:02,93,96,121,grey
2025-03-17 12:52:03,84,95,119,brown
2025-03-17 12:52:03,83,89,122,brown
2025-03-17 12:52:03,84,81,114,brown
2025-03-17 12:52:03,76,82,114,brown
2025-03-17 12:52:03,71,79,104,brown
2025-03-17 12:52:03,73,76,103,brown
2025-03-17 12:52:03,72,73,107,brown
2025-03-17 12:52:03,79,71,108,brown
2025-03-17 12:52:03,65,65,104,brown
2025-03-17 12:52:03,66,65,99,brown
2025-03-17 12:52:03,64,65,99,brown
2025-03-17 12:52:03,65,64,98,brown
2025-03-17 12:52:03,57,64,106,brown
2025-03-17 12:52:03,65,68,104,brown
2025-03-17 12:52:03,72,78,114,brown
2025-03-17 12:52:03,86,93,124,brown
2025-03-17 12:52:03,99,105,139,brown
2025-03-17 12:52:03,113,121,157,brown
2025-03-17 12:52:03,125,135,171,brown
2025-03-17 12:52:03,131,136,170,brown
2025-03-17 12:52:03,95,86,126,brown
2025-03-17 12:52:03,24,3,14,black
2025-03-17 12:52:03,44,0,13,black
2025-03-17 12:52:03,157,0,17,blue
2025-03-17 12:52:03,187,0,24,blue
2025-03-17 12:52:03,194,0,25,blue
2025-03-17 12:52:03,210,0,29,blue
2025-03-17 12:52:03,221,0,33,blue
2025-03-17 12:52:03,230,0,34,blue
2025-03-17 12:52:03,236,1,41,blue
2025-03-17 12:52:04,240,1,41,blue
2025-03-17 12:52:04,239,0,34,blue
2025-03-17 12:52:04,243,0,38,blue
2025-03-17 12:52:04,252,1,42,blue
2025-03-17 12:52:04,253,0,39,blue
2025-03-17 12:52:04,255,1,38,blue
2025-03-17 12:52:04,255,1,47,blue
2025-03-17 12:52:04,255,2,43,blue
2025-03-17 12:52:04,254,1,41,blue
2025-03-17 12:52:04,255,1,41,blue
2025-03-17 12:52:04,255,2,39,blue
2025-03-17 12:52:04,255,1,43,blue
2025-03-17 12:52:04,255,3,45,blue
2025-03-17 12:52:04,255,2,43,blue
2025-03-17 12:52:04,255,1,41,blue
2025-03-17 12:52:04,255,1,43,blue
2025-03-17 12:52:04,255,1,48,blue
2025-03-17 12:52:04,255,2,42,blue
2025-03-17 12:52:04,255,0,41,blue
2025-03-17 12:52:04,255,2,45,blue
2025-03-17 12:52:04,255,2,42,blue
2025-03-17 12:52:04,255,1,41,blue
2025-03-17 12:52:04,255,1,43,blue
2025-03-17 12:52:04,255,0,45,blue
2025-03-17 12:52:04,255,0,41,blue
2025-03-17 12:52:04,255,2,42,blue
2025-03-17 12:52:04,255,1,48,blue
2025-03-17 12:52:04,255,2,40,blue
2025-03-17 12:52:04,255,1,32,blue
2025-03-17 12:52:04,255,1,36,blue
2025-03-17 12:52:05,255,7,32,blue
2025-03-17 12:52:05,255,7,32,blue
2025-03-17 12:52:05,255,2,42,blue
2025-03-17 12:52:05,255,3,41,blue
2025-03-17 12:52:05,255,4,35,blue
2025-03-17 12:52:05,255,6,37,blue
2025-03-17 12:52:05,255,4,37,blue
2025-03-17 12:52:05,255,8,36,blue
2025-03-17 12:52:05,255,9,36,blue
2025-03-17 12:52:05,255,13,44,blue
2025-03-17 12:52:05,255,9,37,blue
2025-03-17 12:52:05,255,9,47,blue
2025-03-17 12:52:05,255,9,47,blue
2025-03-17 12:52:05,255,16,40,blue
2025-03-17 12:52:05,255,12,43,blue
2025-03-17 12:52:05,255,10,45,blue
2025-03-17 12:52:05,255,4,42,blue
2025-03-17 12:52:05,255,7,38,blue
2025-03-17 12:52:05,255,4,44,blue
2025-03-17 12:52:05,255,5,47,blue
2025-03-17 12:52:05,255,5,47,blue
2025-03-17 12:52:05,255,3,36,blue
2025-03-17 12:52:05,255,3,36,blue
2025-03-17 12:52:05,255,4,37,blue
2025-03-17 12:52:05,255,5,39,blue
2025-03-17 12:52:05,255,6,43,blue
2025-03-17 12:52:05,255,3,41,blue
2025-03-17 12:52:05,255,3,41,blue
2025-03-17 12:52:05,255,5,40,blue
2025-03-17 12:52:06,255,3,41,blue
2025-03-17 12:52:06,255,9,47,blue
2025-03-17 12:52:06,255,5,39,blue
2025-03-17 12:52:06,255,5,36,blue
2025-03-17 12:52:06,255,5,36,blue
2025-03-17 12:52:06,255,4,42,blue
2025-03-17 12:52:06,255,6,43,blue
2025-03-17 12:52:06,255,4,39,blue
2025-03-17 12:52:06,255,3,41,blue
2025-03-17 12:52:06,255,2,40,blue
2025-03-17 12:52:06,255,7,43,blue
2025-03-17 12:52:06,255,3,41,blue
2025-03-17 12:52:06,255,4,42,blue
2025-03-17 12:52:06,255,7,45,blue
2025-03-17 12:52:06,255,7,45,blue
2025-03-17 12:52:06,255,3,43,blue
2025-03-17 12:52:06,255,3,38,blue
2025-03-17 12:52:06,255,3,41,blue
2025-03-17 12:52:06,255,3,46,blue
2025-03-17 12:52:06,255,3,41,blue
2025-03-17 12:52:06,255,2,45,blue
2025-03-17 12:52:06,255,5,40,blue
2025-03-17 12:52:06,255,10,45,blue
2025-03-17 12:52:06,255,3,46,blue
2025-03-17 12:52:06,255,4,39,blue
2025-03-17 12:52:06,255,4,39,blue
2025-03-17 12:52:06,255,5,47,blue
2025-03-17 12:52:06,255,3,46,blue
2025-03-17 12:52:06,255,5,47,blue
2025-03-17 12:52:06,255,5,45,blue
2025-03-17 12:52:06,255,5,47,blue
2025-03-17 12:52:06,255,3,51,blue
2025-03-17 12:52:07,255,6,48,blue
2025-03-17 12:52:07,255,3,43,blue
2025-03-17 12:52:07,255,3,43,blue
2025-03-17 12:52:07,255,9,49,blue
2025-03-17 12:52:07,255,9,49,blue
2025-03-17 12:52:07,255,5,45,blue
2025-03-17 12:52:07,255,3,46,blue
2025-03-17 12:52:07,255,3,41,blue
2025-03-17 12:52:07,255,6,48,blue
2025-03-17 12:52:07,255,4,44,blue
2025-03-17 12:52:07,255,3,46,blue
2025-03-17 12:52:07,255,4,44,blue
2025-03-17 12:52:07,255,4,44,blue
2025-03-17 12:52:07,255,2,45,blue
2025-03-17 12:52:07,255,2,45,blue
2025-03-17 12:52:07,255,5,47,blue
2025-03-17 12:52:07,255,3,51,blue
2025-03-17 12:52:07,255,2,49,blue
2025-03-17 12:52:07,255,2,49,blue
2025-03-17 12:52:07,255,3,48,blue
2025-03-17 12:52:07,255,4,49,blue
2025-03-17 12:52:07,255,2,49,blue
2025-03-17 12:52:07,255,2,45,blue
2025-03-17 12:52:07,255,4,39,blue
2025-03-17 12:52:07,255,2,49,blue
2025-03-17 12:52:07,255,2,45,blue
2025-03-17 12:52:07,255,2,51,blue
2025-03-17 12:52:07,255,0,45,blue
2025-03-17 12:52:07,255,2,45,blue
2025-03-17 12:52:08,255,3,41,blue
2025-03-17 12:52:08,255,9,37,blue
2025-03-17 12:52:08,255,8,41,blue
2025-03-17 12:52:08,255,7,43,blue
2025-03-17 12:52:08,255,8,36,blue
2025-03-17 12:52:08,255,12,38,blue
2025-03-17 12:52:08,255,8,41,blue
2025-03-17 12:52:08,255,5,36,blue
2025-03-17 12:52:08,255,5,36,blue
2025-03-17 12:52:08,255,6,37,blue
2025-03-17 12:52:08,255,6,32,blue
2025-03-17 12:52:08,255,4,39,blue
2025-03-17 12:52:08,255,9,28,blue
2025-03-17 12:52:08,255,7,35,blue
2025-03-17 12:52:08,255,3,38,blue
2025-03-17 12:52:08,255,3,38,blue
2025-03-17 12:52:08,255,4,42,blue
2025-03-17 12:52:08,255,8,38,blue
2025-03-17 12:52:08,255,2,32,blue
2025-03-17 12:52:08,255,4,39,blue
2025-03-17 12:52:08,255,3,38,blue
2025-03-17 12:52:08,255,7,33,blue
2025-03-17 12:52:08,255,6,34,blue
2025-03-17 12:52:08,255,4,32,blue
2025-03-17 12:52:08,253,2,32,blue
2025-03-17 12:52:08,253,1,38,blue
2025-03-17 12:52:08,254,2,39,blue
2025-03-17 12:52:08,249,1,38,blue
2025-03-17 12:52:08,244,2,36,blue
2025-03-17 12:52:08,238,9,37,blue
2025-03-17 12:52:09,182,4,34,blue
2025-03-17 12:52:09,92,1,21,blue
2025-03-17 12:52:09,73,0,6,black
2025-03-17 12:52:09,103,0,16,blue
2025-03-17 12:52:09,221,3,41,blue
2025-03-17 12:52:09,255,13,38,blue
2025-03-17 12:52:09,255,10,47,blue
2025-03-17 12:52:09,255,14,47,blue
2025-03-17 12:52:09,255,6,37,blue
2025-03-17 12:52:09,255,4,44,blue
2025-03-17 12:52:09,255,6,43,blue
2025-03-17 12:52:09,255,11,40,blue
2025-03-17 12:52:09,255,11,41,blue
2025-03-17 12:52:09,255,9,49,blue
2025-03-17 12:52:09,255,10,48,blue
2025-03-17 12:52:09,255,11,40,blue
2025-03-17 12:52:09,255,7,35,blue
2025-03-17 12:52:09,255,4,44,blue
2025-03-17 12:52:09,255,4,35,blue
2025-03-17 12:52:09,255,3,43,blue
2025-03-17 12:52:09,255,5,42,blue
2025-03-17 12:52:09,255,6,39,blue
2025-03-17 12:52:09,255,3,41,blue
2025-03-17 12:52:09,255,6,42,blue
2025-03-17 12:52:09,255,7,42,blue
2025-03-17 12:52:09,255,2,40,blue
2025-03-17 12:52:09,255,3,41,blue
2025-03-17 12:52:09,255,5,39,blue
2025-03-17 12:52:09,255,3,38,blue
2025-03-17 12:52:09,255,3,43,blue
2025-03-17 12:52:09,255,2,42,blue
2025-03-17 12:52:10,255,4,43,blue
2025-03-17 12:52:10,255,8,43,blue
2025-03-17 12:52:10,255,3,40,blue
2025-03-17 12:52:10,255,2,42,blue
2025-03-17 12:52:10,255,8,38,blue
2025-03-17 12:52:10,255,3,43,blue
2025-03-17 12:52:10,255,2,42,blue
2025-03-17 12:52:10,255,3,40,blue
2025-03-17 12:52:10,255,3,43,blue
2025-03-17 12:52:10,255,1,43,blue
2025-03-17 12:52:10,255,5,42,blue
2025-03-17 12:52:10,255,3,41,blue
2025-03-17 12:52:10,255,3,48,blue
2025-03-17 12:52:10,255,3,41,blue
2025-03-17 12:52:10,255,5,45,blue
2025-03-17 12:52:10,255,11,48,blue
2025-03-17 12:52:10,255,5,42,blue
2025-03-17 12:52:10,255,1,41,blue
2025-03-17 12:52:10,255,2,42,blue
2025-03-17 12:52:10,255,2,43,blue
2025-03-17 12:52:10,255,2,48,blue
2025-03-17 12:52:10,255,3,45,blue
2025-03-17 12:52:10,254,0,46,blue
2025-03-17 12:52:10,253,2,43,blue
2025-03-17 12:52:10,246,2,41,blue
2025-03-17 12:52:10,236,3,38,blue
2025-03-17 12:52:10,227,0,33,blue
2025-03-17 12:52:10,222,0,36,blue
2025-03-17 12:52:10,211,0,32,blue
2025-03-17 12:52:11,194,0,24,blue
2025-03-17 12:52:11,184,0,30,blue
2025-03-17 12:52:11,171,0,22,blue
2025-03-17 12:52:11,168,0,21,blue
2025-03-17 12:52:11,171,0,27,blue
2025-03-17 12:52:11,169,0,22,blue
2025-03-17 12:52:11,163,0,22,blue
2025-03-17 12:52:11,162,0,22,blue
2025-03-17 12:52:11,171,0,22,blue
2025-03-17 12:52:11,180,0,16,blue
2025-03-17 12:52:11,185,0,18,blue
2025-03-17 12:52:11,191,0,23,blue
2025-03-17 12:52:11,188,0,22,blue
2025-03-17 12:52:11,193,0,28,blue
2025-03-17 12:52:11,193,0,26,blue
2025-03-17 12:52:11,196,0,26,blue
2025-03-17 12:52:11,195,0,19,blue
2025-03-17 12:52:11,194,0,24,blue
2025-03-17 12:52:11,188,0,19,blue
2025-03-17 12:52:11,190,0,19,blue
2025-03-17 12:52:11,193,0,21,blue
2025-03-17 12:52:11,201,0,26,blue
2025-03-17 12:52:11,201,0,23,blue
2025-03-17 12:52:11,206,0,29,blue
2025-03-17 12:52:11,206,0,29,blue
2025-03-17 12:52:11,215,0,32,blue
2025-03-17 12:52:11,220,0,25,blue
2025-03-17 12:52:11,227,0,33,blue
2025-03-17 12:52:11,239,0,29,blue
2025-03-17 12:52:11,246,0,31,blue
2025-03-17 12:52:12,255,3,40,blue
2025-03-17 12:52:12,255,3,33,blue
2025-03-17 12:52:12,255,8,34,blue
2025-03-17 12:52:12,255,11,40,blue
2025-03-17 12:52:12,255,11,41,blue
2025-03-17 12:52:12,255,11,41,blue
2025-03-17 12:52:12,255,11,41,blue
2025-03-17 12:52:12,255,9,37,blue
2025-03-17 12:52:12,255,11,40,blue
2025-03-17 12:52:12,255,4,42,blue
2025-03-17 12:52:12,255,9,37,blue
2025-03-17 12:52:12,255,7,40,blue
2025-03-17 12:52:12,255,4,39,blue
2025-03-17 12:52:12,255,2,35,blue
2025-03-17 12:52:12,255,4,30,blue
2025-03-17 12:52:12,255,0,36,blue
2025-03-17 12:52:12,255,0,36,blue
2025-03-17 12:52:12,255,0,35,blue
2025-03-17 12:52:12,255,3,35,blue
2025-03-17 12:52:12,255,2,42,blue
2025-03-17 12:52:12,255,1,27,blue
2025-03-17 12:52:12,255,0,38,blue
2025-03-17 12:52:12,255,2,32,blue
2025-03-17 12:52:12,255,0,39,blue
2025-03-17 12:52:12,255,1,36,blue
2025-03-17 12:52:12,254,1,31,blue
2025-03-17 12:52:12,254,1,31,blue
2025-03-17 12:52:12,254,2,29,blue
2025-03-17 12:52:12,255,2,37,blue
2025-03-17 12:52:12,255,2,37,blue
2025-03-17 12:52:12,254,1,31,blue
2025-03-17 12:52:13,255,1,36,blue
2025-03-17 12:52:13,255,2,32,blue
2025-03-17 12:52:13,254,0,35,blue
2025-03-17 12:52:13,254,2,29,blue
2025-03-17 12:52:13,255,3,35,blue
2025-03-17 12:52:13,248,0,26,blue
2025-03-17 12:52:13,248,0,26,blue
2025-03-17 12:52:13,252,0,35,blue
2025-03-17 12:52:13,249,0,30,blue
2025-03-17 12:52:13,249,0,32,blue
2025-03-17 12:52:13,249,0,29,blue
2025-03-17 12:52:13,247,0,32,blue
2025-03-17 12:52:13,252,0,36,blue
2025-03-17 12:52:13,251,0,30,blue
2025-03-17 12:52:13,255,2,43,blue
2025-03-17 12:52:13,255,1,38,blue
2025-03-17 12:52:13,255,0,39,blue
2025-03-17 12:52:13,255,0,39,blue
2025-03-17 12:52:13,255,1,41,blue
2025-03-17 12:52:13,255,1,41,blue
2025-03-17 12:52:13,255,2,42,blue
2025-03-17 12:52:13,255,1,41,blue
2025-03-17 12:52:13,255,0,39,blue
2025-03-17 12:52:13,255,1,41,blue
2025-03-17 12:52:13,255,3,45,blue
2025-03-17 12:52:13,255,0,38,blue
2025-03-17 12:52:13,255,2,39,blue
2025-03-17 12:52:13,255,2,39,blue
2025-03-17 12:52:13,255,1,41,blue
2025-03-17 12:52:13,255,1,38,blue
2025-03-17 12:52:14,255,0,39,blue
2025-03-17 12:52:14,255,2,42,blue
2025-03-17 12:52:14,255,2,40,blue
2025-03-17 12:52:14,255,1,41,blue
2025-03-17 12:52:14,255,2,42,blue
2025-03-17 12:52:14,255,1,39,blue
2025-03-17 12:52:14,255,2,42,blue
2025-03-17 12:52:14,255,1,34,blue
2025-03-17 12:52:14,255,1,34,blue
2025-03-17 12:52:14,255,2,35,blue
2025-03-17 12:52:14,255,6,34,blue
2025-03-17 12:52:14,255,2,40,blue
2025-03-17 12:52:14,255,4,33,blue
2025-03-17 12:52:14,255,3,38,blue
2025-03-17 12:52:14,255,1,32,blue
2025-03-17 12:52:14,255,4,39,blue
2025-03-17 12:52:14,255,4,30,blue
2025-03-17 12:52:14,255,1,24,blue
2025-03-17 12:52:14,255,3,32,blue
2025-03-17 12:52:14,255,2,30,blue
2025-03-17 12:52:14,255,3,33,blue
2025-03-17 12:52:14,255,4,39,blue
2025-03-17 12:52:14,255,9,37,blue
2025-03-17 12:52:14,255,4,35,blue
2025-03-17 12:52:14,255,8,39,blue
2025-03-17 12:52:14,255,10,43,blue
2025-03-17 12:52:14,255,4,39,blue
2025-03-17 12:52:14,255,7,33,blue
2025-03-17 12:52:14,255,5,39,blue
2025-03-17 12:52:14,255,6,37,blue
2025-03-17 12:52:15,255,5,34,blue
2025-03-17 12:52:15,255,1,37,blue
2025-03-17 12:52:15,255,6,42,blue
2025-03-17 12:52:15,255,5,26,blue
2025-03-17 12:52:15,255,3,43,blue
2025-03-17 12:52:15,255,1,32,blue
2025-03-17 12:52:15,255,4,39,blue
2025-03-17 12:52:15,255,3,32,blue
2025-03-17 12:52:15,255,7,35,blue
2025-03-17 12:52:15,255,3,41,blue
2025-03-17 12:52:15,255,2,40,blue
2025-03-17 12:52:15,255,1,37,blue
2025-03-17 12:52:15,255,3,41,blue
2025-03-17 12:52:15,255,5,36,blue
2025-03-17 12:52:15,255,2,42,blue
2025-03-17 12:52:15,255,3,38,blue
2025-03-17 12:52:15,255,3,33,blue
2025-03-17 12:52:15,255,8,36,blue
2025-03-17 12:52:15,255,2,40,blue
2025-03-17 12:52:15,255,2,35,blue
2025-03-17 12:52:15,255,1,39,blue
2025-03-17 12:52:15,255,3,38,blue
2025-03-17 12:52:15,255,3,38,blue
2025-03-17 12:52:15,255,2,35,blue
2025-03-17 12:52:15,255,2,40,blue
2025-03-17 12:52:15,255,4,33,blue
2025-03-17 12:52:15,255,4,35,blue
2025-03-17 12:52:15,255,3,43,blue
2025-03-17 12:52:15,255,2,40,blue
2025-03-17 12:52:15,255,1,37,blue
2025-03-17 12:52:16,255,5,36,blue
2025-03-17 12:52:16,255,3,38,blue
2025-03-17 12:52:16,255,2,42,blue
2025-03-17 12:52:16,255,6,34,blue
2025-03-17 12:52:16,255,0,36,blue
2025-03-17 12:52:16,255,3,41,blue
2025-03-17 12:52:16,255,2,42,blue
2025-03-17 12:52:16,255,1,37,blue
2025-03-17 12:52:16,255,1,39,blue
2025-03-17 12:52:16,255,2,30,blue
2025-03-17 12:52:16,255,2,42,blue
2025-03-17 12:52:16,255,0,36,blue
2025-03-17 12:52:16,255,1,43,blue
2025-03-17 12:52:16,255,4,42,blue
2025-03-17 12:52:16,255,3,43,blue
2025-03-17 12:52:16,255,3,38,blue
2025-03-17 12:52:16,255,1,37,blue
2025-03-17 12:52:16,255,2,45,blue
2025-03-17 12:52:16,255,2,42,blue
2025-03-17 12:52:16,255,2,42,blue
2025-03-17 12:52:16,255,2,42,blue
2025-03-17 12:52:16,255,2,40,blue
2025-03-17 12:52:16,255,1,39,blue
2025-03-17 12:52:16,255,2,42,blue
2025-03-17 12:52:16,255,2,40,blue
2025-03-17 12:52:16,255,2,42,blue
2025-03-17 12:52:16,255,0,39,blue
2025-03-17 12:52:16,255,4,44,blue
2025-03-17 12:52:16,255,3,38,blue
2025-03-17 12:52:17,255,3,41,blue
2025-03-17 12:52:17,255,2,40,blue
2025-03-17 12:52:17,255,2,45,blue
2025-03-17 12:52:17,255,2,40,blue
2025-03-17 12:52:17,255,0,41,blue
2025-03-17 12:52:17,255,0,41,blue
2025-03-17 12:52:17,255,1,41,blue
2025-03-17 12:52:17,255,2,40,blue
2025-03-17 12:52:17,255,2,45,blue
2025-03-17 12:52:17,255,2,45,blue
2025-03-17 12:52:17,255,2,45,blue
2025-03-17 12:52:17,255,3,32,blue
2025-03-17 12:52:17,255,3,32,blue
2025-03-17 12:52:17,255,5,36,blue
2025-03-17 12:52:17,255,4,33,blue
2025-03-17 12:52:17,255,4,39,blue
2025-03-17 12:52:17,255,4,33,blue
2025-03-17 12:52:17,255,6,37,blue
2025-03-17 12:52:17,255,8,34,blue
2025-03-17 12:52:17,255,4,35,blue
2025-03-17 12:52:17,255,4,39,blue
2025-03-17 12:52:17,255,9,34,blue
2025-03-17 12:52:17,255,2,29,blue
2025-03-17 12:52:17,255,3,38,blue
2025-03-17 12:52:17,255,6,37,blue
2025-03-17 12:52:17,255,7,40,blue
2025-03-17 12:52:17,255,13,39,blue
2025-03-17 12:52:17,255,7,40,blue
2025-03-17 12:52:17,134,29,50,blue
2025-03-17 12:52:17,64,40,58,black
2025-03-17 12:52:18,62,35,44,black
2025-03-17 12:52:18,55,32,43,black
2025-03-17 12:52:18,51,24,43,black
2025-03-17 12:52:18,53,32,45,black
2025-03-17 12:52:18,57,36,45,black
2025-03-17 12:52:18,52,34,43,black
2025-03-17 12:52:18,57,33,51,black
2025-03-17 12:52:18,57,33,51,black
2025-03-17 12:52:18,135,145,188,brown
2025-03-17 12:52:18,139,148,200,brown
2025-03-17 12:52:18,135,148,200,brown
2025-03-17 12:52:18,147,156,208,brown
2025-03-17 12:52:18,153,161,206,brown
2025-03-17 12:52:18,160,163,208,brown
2025-03-17 12:52:18,154,160,205,brown
2025-03-17 12:52:18,147,152,199,brown
2025-03-17 12:52:18,140,148,193,brown
2025-03-17 12:52:18,136,146,193,brown
2025-03-17 12:52:18,136,146,193,brown
2025-03-17 12:52:18,128,138,183,brown
2025-03-17 12:52:18,120,130,174,brown
2025-03-17 12:52:18,120,128,175,brown
2025-03-17 12:52:18,116,126,173,brown
2025-03-17 12:52:18,117,125,168,brown
2025-03-17 12:52:18,127,125,173,brown
2025-03-17 12:52:18,125,129,170,brown
2025-03-17 12:52:18,125,129,171,brown
2025-03-17 12:52:18,125,130,168,brown
2025-03-17 12:52:18,125,130,168,brown
2025-03-17 12:52:18,120,128,164,brown
2025-03-17 12:52:18,97,103,136,brown
2025-03-17 12:52:19,72,78,114,brown
2025-03-17 12:52:19,49,44,86,brown
2025-03-17 12:52:19,22,17,50,black
2025-03-17 12:52:19,25,11,32,black
2025-03-17 12:52:19,30,13,28,black
2025-03-17 12:52:19,44,17,36,black
2025-03-17 12:52:19,43,21,36,black
2025-03-17 12:52:19,45,18,28,black
2025-03-17 12:52:19,45,18,28,black
2025-03-17 12:52:19,44,21,25,black
2025-03-17 12:52:19,42,20,29,black
2025-03-17 12:52:19,49,18,32,black
2025-03-17 12:52:19,45,17,33,black
2025-03-17 12:52:19,47,19,29,black
2025-03-17 12:52:19,44,17,28,black
2025-03-17 12:52:19,36,17,30,black
2025-03-17 12:52:19,36,21,27,black
2025-03-17 12:52:19,40,21,27,black
2025-03-17 12:52:19,40,20,29,black
2025-03-17 12:52:19,40,20,29,black
2025-03-17 12:52:19,41,18,20,black
2025-03-17 12:52:19,43,18,28,black
2025-03-17 12:52:19,38,20,30,black
2025-03-17 12:52:19,42,16,32,black
2025-03-17 12:52:19,47,21,33,black
2025-03-17 12:52:19,38,21,27,black
2025-03-17 12:52:19,36,17,30,black
2025-03-17 12:52:19,32,16,29,black
2025-03-17 12:52:19,17,8,16,black
2025-03-17 12:52:19,17,8,16,black
2025-03-17 12:52:20,19,5,27,black
2025-03-17 12:52:20,24,13,30,black
2025-03-17 12:52:20,62,56,70,black
2025-03-17 12:52:20,87,83,90,grey
2025-03-17 12:52:20,120,108,121,grey
2025-03-17 12:52:20,116,105,113,grey
2025-03-17 12:52:20,107,102,114,grey
2025-03-17 12:52:20,107,101,117,grey
2025-03-17 12:52:20,91,87,103,grey
